"Date","Price","Open","High","Low","Change %"
"Jul 01, 2018","1.3209","1.3186","1.3209","1.3186","0.00%"
"Jun 29, 2018","1.3209","1.3077","1.3215","1.3068","1.00%"
"Jun 28, 2018","1.3078","1.3114","1.3123","1.3050","-0.27%"
"Jun 27, 2018","1.3113","1.3229","1.3245","1.3107","-0.87%"
"Jun 26, 2018","1.3228","1.3284","1.3294","1.3192","-0.37%"
"Jun 25, 2018","1.3277","1.3276","1.3292","1.3222","0.11%"
"Jun 24, 2018","1.3262","1.3255","1.3272","1.3255","-0.06%"
"Jun 22, 2018","1.3270","1.3252","1.3316","1.3236","0.14%"
"Jun 21, 2018","1.3252","1.3176","1.3271","1.3101","0.60%"
"Jun 20, 2018","1.3173","1.3174","1.3217","1.3148","-0.05%"
"Jun 19, 2018","1.3180","1.3244","1.3275","1.3150","-0.48%"
"Jun 18, 2018","1.3244","1.3262","1.3287","1.3225","-0.24%"
"Jun 17, 2018","1.3276","1.3266","1.3282","1.3266","-0.07%"
"Jun 15, 2018","1.3285","1.3262","1.3299","1.3212","0.17%"
"Jun 14, 2018","1.3262","1.3375","1.3447","1.3256","-0.85%"
"Jun 13, 2018","1.3376","1.3373","1.3392","1.3308","0.03%"
"Jun 12, 2018","1.3372","1.3382","1.3426","1.3342","-0.02%"
"Jun 11, 2018","1.3375","1.3404","1.3443","1.3345","-0.28%"
"Jun 10, 2018","1.3413","1.3405","1.3416","1.3405","0.01%"
"Jun 08, 2018","1.3412","1.3421","1.3439","1.3354","-0.07%"
"Jun 07, 2018","1.3422","1.3413","1.3474","1.3374","0.07%"
"Jun 06, 2018","1.3413","1.3396","1.3445","1.3383","0.12%"
"Jun 05, 2018","1.3397","1.3314","1.3412","1.3302","0.63%"
"Jun 04, 2018","1.3313","1.3337","1.3400","1.3294","-0.30%"
"Jun 03, 2018","1.3353","1.3344","1.3357","1.3339","0.04%"
"Jun 01, 2018","1.3348","1.3299","1.3363","1.3252","0.36%"
"May 31, 2018","1.3300","1.3290","1.3350","1.3277","0.06%"
"May 30, 2018","1.3292","1.3251","1.3310","1.3242","0.29%"
"May 29, 2018","1.3254","1.3312","1.3328","1.3205","-0.45%"
"May 28, 2018","1.3314","1.3308","1.3342","1.3296","0.04%"
"May 25, 2018","1.3309","1.3380","1.3393","1.3294","-0.30%"
"May 24, 2018","1.3349","1.3346","1.3423","1.3339","0.00%"
"May 23, 2018","1.3349","1.3437","1.3444","1.3305","-0.65%"
"May 22, 2018","1.3436","1.3431","1.3493","1.3412","0.04%"
"May 21, 2018","1.3431","1.3473","1.3485","1.3392","-0.32%"
"May 18, 2018","1.3474","1.3518","1.3531","1.3455","-0.32%"
"May 17, 2018","1.3517","1.3489","1.3571","1.3473","0.22%"
"May 16, 2018","1.3488","1.3506","1.3523","1.3456","-0.13%"
"May 15, 2018","1.3506","1.3558","1.3575","1.3452","-0.37%"
"May 14, 2018","1.3556","1.3547","1.3610","1.3538","0.10%"
"May 11, 2018","1.3543","1.3520","1.3598","1.3502","0.19%"
"May 10, 2018","1.3517","1.3544","1.3618","1.3458","-0.21%"
"May 09, 2018","1.3546","1.3546","1.3608","1.3498","0.00%"
"May 08, 2018","1.3546","1.3557","1.3593","1.3484","-0.08%"
"May 07, 2018","1.3557","1.3536","1.3577","1.3515","0.18%"
"May 04, 2018","1.3533","1.3577","1.3588","1.3487","-0.32%"
"May 03, 2018","1.3576","1.3580","1.3631","1.3537","-0.01%"
"May 02, 2018","1.3578","1.3614","1.3668","1.3554","-0.26%"
"May 01, 2018","1.3614","1.3762","1.3776","1.3589","-1.15%"
"Apr 30, 2018","1.3772","1.3787","1.3795","1.3714","-0.06%"
"Apr 27, 2018","1.3780","1.3920","1.3937","1.3747","-0.98%"
"Apr 26, 2018","1.3916","1.3933","1.3999","1.3895","-0.11%"
"Apr 25, 2018","1.3931","1.3979","1.3998","1.3923","-0.33%"
"Apr 24, 2018","1.3977","1.3940","1.3989","1.3918","0.26%"
"Apr 23, 2018","1.3941","1.4020","1.4033","1.3926","-0.45%"
"Apr 20, 2018","1.4004","1.4086","1.4092","1.3994","-0.62%"
"Apr 19, 2018","1.4091","1.4202","1.4246","1.4068","-0.79%"
"Apr 18, 2018","1.4203","1.4288","1.4316","1.4173","-0.59%"
"Apr 17, 2018","1.4288","1.4336","1.4378","1.4282","-0.35%"
"Apr 16, 2018","1.4338","1.4254","1.4347","1.4227","0.68%"
"Apr 13, 2018","1.4241","1.4226","1.4298","1.4220","0.10%"
"Apr 12, 2018","1.4227","1.4178","1.4248","1.4145","0.34%"
"Apr 11, 2018","1.4179","1.4177","1.4224","1.4161","0.03%"
"Apr 10, 2018","1.4175","1.4131","1.4191","1.4121","0.31%"
"Apr 09, 2018","1.4131","1.4098","1.4166","1.4077","0.28%"
"Apr 06, 2018","1.4092","1.4003","1.4106","1.3982","0.64%"
"Apr 05, 2018","1.4003","1.4079","1.4100","1.3965","-0.56%"
"Apr 04, 2018","1.4082","1.4059","1.4098","1.4014","0.16%"
"Apr 03, 2018","1.4059","1.4045","1.4091","1.4021","0.10%"
"Apr 02, 2018","1.4045","1.4026","1.4080","1.4020","0.19%"
"Mar 30, 2018","1.4018","1.4018","1.4062","1.4009","0.01%"
"Mar 29, 2018","1.4017","1.4077","1.4098","1.4010","-0.43%"
"Mar 28, 2018","1.4078","1.4154","1.4202","1.4069","-0.56%"
"Mar 27, 2018","1.4157","1.4231","1.4246","1.4067","-0.50%"
"Mar 26, 2018","1.4228","1.4142","1.4246","1.4132","0.67%"
"Mar 23, 2018","1.4134","1.4096","1.4172","1.4084","0.27%"
"Mar 22, 2018","1.4096","1.4141","1.4218","1.4076","-0.33%"
"Mar 21, 2018","1.4142","1.3998","1.4152","1.3997","1.03%"
"Mar 20, 2018","1.3998","1.4024","1.4067","1.3981","-0.19%"
"Mar 19, 2018","1.4024","1.3931","1.4088","1.3911","0.60%"
"Mar 16, 2018","1.3941","1.3936","1.3981","1.3886","0.02%"
"Mar 15, 2018","1.3938","1.3962","1.3989","1.3921","-0.16%"
"Mar 14, 2018","1.3961","1.3961","1.3998","1.3926","-0.01%"
"Mar 13, 2018","1.3962","1.3906","1.3997","1.3876","0.41%"
"Mar 12, 2018","1.3905","1.3852","1.3918","1.3839","0.40%"
"Mar 09, 2018","1.3849","1.3811","1.3890","1.3788","0.27%"
"Mar 08, 2018","1.3812","1.3900","1.3911","1.3782","-0.64%"
"Mar 07, 2018","1.3901","1.3887","1.3915","1.3846","0.10%"
"Mar 06, 2018","1.3887","1.3850","1.3932","1.3817","0.27%"
"Mar 05, 2018","1.3849","1.3797","1.3877","1.3766","0.32%"
"Mar 02, 2018","1.3805","1.3777","1.3819","1.3757","0.21%"
"Mar 01, 2018","1.3776","1.3762","1.3786","1.3712","0.12%"
"Feb 28, 2018","1.3760","1.3907","1.3916","1.3756","-1.07%"
"Feb 27, 2018","1.3909","1.3967","1.3999","1.3858","-0.42%"
"Feb 26, 2018","1.3967","1.3974","1.4071","1.3928","0.00%"
"Feb 23, 2018","1.3967","1.3962","1.4007","1.3905","0.08%"
"Feb 22, 2018","1.3956","1.3919","1.3988","1.3857","0.27%"
"Feb 21, 2018","1.3918","1.3996","1.4009","1.3905","-0.56%"
"Feb 20, 2018","1.3996","1.4005","1.4026","1.3931","-0.06%"
"Feb 19, 2018","1.4005","1.4034","1.4051","1.3958","-0.26%"
"Feb 16, 2018","1.4042","1.4100","1.4146","1.3998","-0.40%"
"Feb 15, 2018","1.4099","1.4002","1.4105","1.3990","0.72%"
"Feb 14, 2018","1.3998","1.3894","1.4018","1.3799","0.76%"
"Feb 13, 2018","1.3892","1.3837","1.3925","1.3832","0.39%"
"Feb 12, 2018","1.3838","1.3827","1.3878","1.3797","0.00%"
"Feb 09, 2018","1.3838","1.3914","1.3989","1.3765","-0.55%"
"Feb 08, 2018","1.3914","1.3879","1.4067","1.3846","0.23%"
"Feb 07, 2018","1.3882","1.3949","1.3994","1.3848","-0.47%"
"Feb 06, 2018","1.3948","1.3960","1.4001","1.3836","-0.08%"
"Feb 05, 2018","1.3959","1.4130","1.4151","1.3955","-1.16%"
"Feb 02, 2018","1.4123","1.4264","1.4280","1.4102","-1.00%"
"Feb 01, 2018","1.4265","1.4191","1.4278","1.4158","0.51%"
"Jan 31, 2018","1.4192","1.4148","1.4234","1.4121","0.33%"
"Jan 30, 2018","1.4146","1.4074","1.4166","1.3979","0.50%"
"Jan 29, 2018","1.4075","1.4163","1.4163","1.4026","-0.67%"
"Jan 26, 2018","1.4170","1.4147","1.4287","1.4109","0.17%"
"Jan 25, 2018","1.4146","1.4244","1.4345","1.4083","-0.68%"
"Jan 24, 2018","1.4243","1.3999","1.4263","1.3997","1.73%"
"Jan 23, 2018","1.4001","1.3989","1.4028","1.3916","0.10%"
"Jan 22, 2018","1.3987","1.3881","1.3993","1.3858","0.97%"
"Jan 19, 2018","1.3852","1.3897","1.3947","1.3840","-0.30%"
"Jan 18, 2018","1.3893","1.3831","1.3914","1.3805","0.48%"
"Jan 17, 2018","1.3827","1.3791","1.3944","1.3757","0.25%"
"Jan 16, 2018","1.3793","1.3791","1.3806","1.3740","0.01%"
"Jan 15, 2018","1.3792","1.3731","1.3822","1.3723","0.46%"
"Jan 12, 2018","1.3729","1.3538","1.3743","1.3535","1.41%"
"Jan 11, 2018","1.3538","1.3506","1.3556","1.3457","0.23%"
"Jan 10, 2018","1.3507","1.3541","1.3564","1.3482","-0.24%"
"Jan 09, 2018","1.3540","1.3570","1.3583","1.3506","-0.21%"
"Jan 08, 2018","1.3568","1.3572","1.3587","1.3523","-0.02%"
"Jan 05, 2018","1.3571","1.3552","1.3583","1.3523","0.13%"
"Jan 04, 2018","1.3553","1.3515","1.3562","1.3505","0.27%"
"Jan 03, 2018","1.3516","1.3588","1.3614","1.3497","-0.53%"
"Jan 02, 2018","1.3588","1.3507","1.3602","1.3500","0.63%"
"Jan 01, 2018","1.3503","1.3515","1.3522","1.3494","-0.09%"
"Dec 29, 2017","1.3515","1.3444","1.3545","1.3428","0.54%"
"Dec 28, 2017","1.3443","1.3397","1.3458","1.3392","0.34%"
"Dec 27, 2017","1.3397","1.3375","1.3431","1.3368","0.17%"
"Dec 26, 2017","1.3374","1.3371","1.3391","1.3347","0.04%"
"Dec 25, 2017","1.3369","1.3357","1.3396","1.3355","0.05%"
"Dec 22, 2017","1.3362","1.3386","1.3399","1.3349","-0.17%"
"Dec 21, 2017","1.3385","1.3376","1.3389","1.3331","0.07%"
"Dec 20, 2017","1.3376","1.3386","1.3422","1.3372","-0.07%"
"Dec 19, 2017","1.3385","1.3382","1.3403","1.3332","0.02%"
"Dec 18, 2017","1.3382","1.3328","1.3420","1.3310","0.46%"
"Dec 15, 2017","1.3321","1.3431","1.3450","1.3302","-0.83%"
"Dec 14, 2017","1.3432","1.3418","1.3463","1.3390","0.09%"
"Dec 13, 2017","1.3420","1.3317","1.3422","1.3311","0.77%"
"Dec 12, 2017","1.3317","1.3339","1.3381","1.3304","-0.16%"
"Dec 11, 2017","1.3339","1.3392","1.3432","1.3331","-0.40%"
"Dec 08, 2017","1.3392","1.3477","1.3521","1.3355","-0.61%"
"Dec 07, 2017","1.3474","1.3391","1.3485","1.3319","0.60%"
"Dec 06, 2017","1.3394","1.3442","1.3449","1.3357","-0.36%"
"Dec 05, 2017","1.3443","1.3479","1.3483","1.3370","-0.27%"
"Dec 04, 2017","1.3479","1.3479","1.3539","1.3417","0.04%"
"Dec 01, 2017","1.3473","1.3525","1.3552","1.3445","-0.39%"
"Nov 30, 2017","1.3526","1.3410","1.3550","1.3405","0.87%"
"Nov 29, 2017","1.3409","1.3340","1.3450","1.3339","0.53%"
"Nov 28, 2017","1.3338","1.3312","1.3388","1.3221","0.15%"
"Nov 27, 2017","1.3318","1.3337","1.3384","1.3310","-0.14%"
"Nov 24, 2017","1.3337","1.3309","1.3361","1.3279","0.20%"
"Nov 23, 2017","1.3310","1.3325","1.3338","1.3284","-0.12%"
"Nov 22, 2017","1.3326","1.3239","1.3332","1.3214","0.66%"
"Nov 21, 2017","1.3239","1.3236","1.3270","1.3211","0.03%"
"Nov 20, 2017","1.3235","1.3217","1.3280","1.3184","0.16%"
"Nov 17, 2017","1.3214","1.3196","1.3261","1.3170","0.14%"
"Nov 16, 2017","1.3195","1.3171","1.3209","1.3135","0.18%"
"Nov 15, 2017","1.3171","1.3167","1.3216","1.3131","0.05%"
"Nov 14, 2017","1.3165","1.3116","1.3188","1.3075","0.37%"
"Nov 13, 2017","1.3116","1.3183","1.3198","1.3062","-0.57%"
"Nov 10, 2017","1.3191","1.3148","1.3232","1.3113","0.30%"
"Nov 09, 2017","1.3151","1.3115","1.3167","1.3086","0.27%"
"Nov 08, 2017","1.3116","1.3167","1.3178","1.3087","-0.39%"
"Nov 07, 2017","1.3167","1.3170","1.3179","1.3109","-0.04%"
"Nov 06, 2017","1.3172","1.3085","1.3177","1.3058","0.73%"
"Nov 03, 2017","1.3076","1.3059","1.3132","1.3039","0.13%"
"Nov 02, 2017","1.3059","1.3245","1.3300","1.3043","-1.41%"
"Nov 01, 2017","1.3246","1.3282","1.3321","1.3240","-0.28%"
"Oct 31, 2017","1.3283","1.3207","1.3289","1.3190","0.57%"
"Oct 30, 2017","1.3208","1.3112","1.3216","1.3105","0.60%"
"Oct 27, 2017","1.3129","1.3161","1.3164","1.3070","-0.24%"
"Oct 26, 2017","1.3160","1.3264","1.3281","1.3147","-0.78%"
"Oct 25, 2017","1.3264","1.3132","1.3272","1.3110","0.97%"
"Oct 24, 2017","1.3136","1.3199","1.3229","1.3112","-0.46%"
"Oct 23, 2017","1.3197","1.3187","1.3228","1.3156","0.05%"
"Oct 20, 2017","1.3190","1.3159","1.3202","1.3087","0.24%"
"Oct 19, 2017","1.3159","1.3206","1.3230","1.3132","-0.35%"
"Oct 18, 2017","1.3205","1.3191","1.3212","1.3140","0.11%"
"Oct 17, 2017","1.3191","1.3250","1.3289","1.3154","-0.45%"
"Oct 16, 2017","1.3250","1.3309","1.3313","1.3225","-0.28%"
"Oct 13, 2017","1.3287","1.3262","1.3338","1.3249","0.19%"
"Oct 12, 2017","1.3262","1.3224","1.3292","1.3121","0.29%"
"Oct 11, 2017","1.3223","1.3205","1.3236","1.3175","0.14%"
"Oct 10, 2017","1.3204","1.3141","1.3227","1.3131","0.47%"
"Oct 09, 2017","1.3142","1.3069","1.3185","1.3056","0.58%"
"Oct 06, 2017","1.3066","1.3119","1.3127","1.3027","-0.40%"
"Oct 05, 2017","1.3119","1.3247","1.3251","1.3107","-0.95%"
"Oct 04, 2017","1.3245","1.3236","1.3293","1.3235","0.07%"
"Oct 03, 2017","1.3236","1.3276","1.3289","1.3222","-0.31%"
"Oct 02, 2017","1.3277","1.3389","1.3404","1.3255","-0.90%"
"Sep 29, 2017","1.3397","1.3441","1.3446","1.3349","-0.33%"
"Sep 28, 2017","1.3442","1.3386","1.3458","1.3343","0.41%"
"Sep 27, 2017","1.3387","1.3459","1.3464","1.3364","-0.53%"
"Sep 26, 2017","1.3458","1.3467","1.3517","1.3410","-0.07%"
"Sep 25, 2017","1.3467","1.3493","1.3572","1.3431","-0.19%"
"Sep 22, 2017","1.3493","1.3581","1.3597","1.3450","-0.63%"
"Sep 21, 2017","1.3579","1.3493","1.3587","1.3470","0.63%"
"Sep 20, 2017","1.3494","1.3510","1.3658","1.3452","-0.11%"
"Sep 19, 2017","1.3509","1.3495","1.3553","1.3469","0.11%"
"Sep 18, 2017","1.3494","1.3576","1.3620","1.3465","-0.73%"
"Sep 15, 2017","1.3593","1.3398","1.3617","1.3381","1.46%"
"Sep 14, 2017","1.3397","1.3211","1.3407","1.3162","1.41%"
"Sep 13, 2017","1.3211","1.3284","1.3330","1.3185","-0.55%"
"Sep 12, 2017","1.3284","1.3163","1.3300","1.3160","0.92%"
"Sep 11, 2017","1.3163","1.3203","1.3223","1.3159","-0.27%"
"Sep 08, 2017","1.3198","1.3100","1.3225","1.3093","0.74%"
"Sep 07, 2017","1.3101","1.3043","1.3117","1.3032","0.44%"
"Sep 06, 2017","1.3043","1.3032","1.3084","1.3018","0.08%"
"Sep 05, 2017","1.3033","1.2927","1.3044","1.2909","0.78%"
"Sep 04, 2017","1.2932","1.2958","1.2967","1.2911","-0.15%"
"Sep 01, 2017","1.2951","1.2931","1.2996","1.2904","0.15%"
"Aug 31, 2017","1.2931","1.2928","1.2935","1.2851","0.04%"
"Aug 30, 2017","1.2926","1.2918","1.2939","1.2877","0.05%"
"Aug 29, 2017","1.2920","1.2931","1.2979","1.2914","-0.10%"
"Aug 28, 2017","1.2933","1.2902","1.2948","1.2873","0.36%"
"Aug 25, 2017","1.2887","1.2799","1.2891","1.2793","0.68%"
"Aug 24, 2017","1.2800","1.2796","1.2837","1.2771","0.00%"
"Aug 23, 2017","1.2800","1.2824","1.2835","1.2779","-0.19%"
"Aug 22, 2017","1.2824","1.2897","1.2910","1.2809","-0.60%"
"Aug 21, 2017","1.2901","1.2870","1.2918","1.2849","0.19%"
"Aug 18, 2017","1.2876","1.2869","1.2920","1.2834","0.05%"
"Aug 17, 2017","1.2869","1.2894","1.2914","1.2855","-0.16%"
"Aug 16, 2017","1.2890","1.2870","1.2905","1.2842","0.16%"
"Aug 15, 2017","1.2870","1.2964","1.2971","1.2845","-0.73%"
"Aug 14, 2017","1.2965","1.2994","1.3024","1.2957","-0.36%"
"Aug 11, 2017","1.3012","1.2976","1.3031","1.2938","0.29%"
"Aug 10, 2017","1.2975","1.3000","1.3017","1.2951","-0.23%"
"Aug 09, 2017","1.3005","1.2989","1.3029","1.2966","0.11%"
"Aug 08, 2017","1.2991","1.3035","1.3055","1.2952","-0.34%"
"Aug 07, 2017","1.3035","1.3028","1.3063","1.3014","-0.01%"
"Aug 04, 2017","1.3036","1.3135","1.3166","1.3022","-0.78%"
"Aug 03, 2017","1.3139","1.3221","1.3266","1.3112","-0.64%"
"Aug 02, 2017","1.3223","1.3203","1.3252","1.3189","0.15%"
"Aug 01, 2017","1.3203","1.3216","1.3249","1.3193","-0.08%"
"Jul 31, 2017","1.3214","1.3131","1.3225","1.3096","0.60%"
"Jul 28, 2017","1.3135","1.3067","1.3155","1.3060","0.52%"
"Jul 27, 2017","1.3067","1.3119","1.3157","1.3052","-0.41%"
"Jul 26, 2017","1.3121","1.3021","1.3125","1.3001","0.73%"
"Jul 25, 2017","1.3026","1.3030","1.3086","1.3007","-0.02%"
"Jul 24, 2017","1.3029","1.2986","1.3058","1.2986","0.26%"
"Jul 21, 2017","1.2995","1.2975","1.3023","1.2954","0.16%"
"Jul 20, 2017","1.2974","1.3024","1.3038","1.2934","-0.34%"
"Jul 19, 2017","1.3018","1.3037","1.3053","1.3009","-0.17%"
"Jul 18, 2017","1.3040","1.3057","1.3127","1.3004","-0.11%"
"Jul 17, 2017","1.3055","1.3100","1.3113","1.3045","-0.31%"
"Jul 14, 2017","1.3096","1.2935","1.3115","1.2933","1.21%"
"Jul 13, 2017","1.2939","1.2887","1.2958","1.2879","0.42%"
"Jul 12, 2017","1.2885","1.2848","1.2908","1.2811","0.28%"
"Jul 11, 2017","1.2849","1.2885","1.2932","1.2833","-0.23%"
"Jul 10, 2017","1.2879","1.2886","1.2912","1.2857","-0.10%"
"Jul 07, 2017","1.2892","1.2969","1.2977","1.2867","-0.61%"
"Jul 06, 2017","1.2971","1.2936","1.2984","1.2919","0.28%"
"Jul 05, 2017","1.2935","1.2917","1.2950","1.2892","0.12%"
"Jul 04, 2017","1.2920","1.2940","1.2962","1.2913","-0.13%"
"Jul 03, 2017","1.2937","1.3011","1.3024","1.2930","-0.69%"
"Jun 30, 2017","1.3027","1.3005","1.3032","1.2948","0.16%"
"Jun 29, 2017","1.3006","1.2923","1.3013","1.2919","0.62%"
"Jun 28, 2017","1.2926","1.2817","1.2974","1.2792","0.86%"
"Jun 27, 2017","1.2816","1.2723","1.2860","1.2716","0.75%"
"Jun 26, 2017","1.2721","1.2729","1.2760","1.2704","0.02%"
"Jun 23, 2017","1.2718","1.2681","1.2745","1.2673","0.28%"
"Jun 22, 2017","1.2682","1.2670","1.2692","1.2652","0.09%"
"Jun 21, 2017","1.2671","1.2631","1.2712","1.2591","0.32%"
"Jun 20, 2017","1.2631","1.2732","1.2758","1.2603","-0.82%"
"Jun 19, 2017","1.2736","1.2787","1.2817","1.2724","-0.31%"
"Jun 16, 2017","1.2776","1.2754","1.2806","1.2748","0.16%"
"Jun 15, 2017","1.2755","1.2750","1.2796","1.2689","0.02%"
"Jun 14, 2017","1.2752","1.2755","1.2818","1.2722","-0.01%"
"Jun 13, 2017","1.2753","1.2660","1.2759","1.2642","0.77%"
"Jun 12, 2017","1.2656","1.2731","1.2771","1.2637","-0.70%"
"Jun 09, 2017","1.2745","1.2958","1.2964","1.2637","-1.61%"
"Jun 08, 2017","1.2953","1.2961","1.2979","1.2907","-0.06%"
"Jun 07, 2017","1.2961","1.2912","1.2969","1.2887","0.39%"
"Jun 06, 2017","1.2911","1.2905","1.2953","1.2874","0.06%"
"Jun 05, 2017","1.2903","1.2850","1.2942","1.2847","0.12%"
"Jun 02, 2017","1.2887","1.2881","1.2908","1.2849","0.05%"
"Jun 01, 2017","1.2881","1.2889","1.2916","1.2830","-0.07%"
"May 31, 2017","1.2890","1.2859","1.2921","1.2769","0.25%"
"May 30, 2017","1.2858","1.2837","1.2890","1.2792","0.13%"
"May 29, 2017","1.2841","1.2807","1.2853","1.2791","0.29%"
"May 26, 2017","1.2804","1.2942","1.2949","1.2773","-1.05%"
"May 25, 2017","1.2940","1.2969","1.3013","1.2929","-0.26%"
"May 24, 2017","1.2974","1.2961","1.3000","1.2925","0.09%"
"May 23, 2017","1.2962","1.3000","1.3036","1.2954","-0.29%"
"May 22, 2017","1.3000","1.3007","1.3044","1.2965","-0.27%"
"May 19, 2017","1.3035","1.2936","1.3040","1.2927","0.74%"
"May 18, 2017","1.2939","1.2969","1.3051","1.2893","-0.26%"
"May 17, 2017","1.2973","1.2918","1.2994","1.2907","0.43%"
"May 16, 2017","1.2917","1.2896","1.2958","1.2866","0.19%"
"May 15, 2017","1.2893","1.2888","1.2940","1.2873","0.02%"
"May 12, 2017","1.2891","1.2886","1.2900","1.2843","0.04%"
"May 11, 2017","1.2886","1.2942","1.2953","1.2852","-0.40%"
"May 10, 2017","1.2938","1.2933","1.2989","1.2926","0.02%"
"May 09, 2017","1.2935","1.2944","1.2961","1.2902","-0.04%"
"May 08, 2017","1.2940","1.2981","1.2992","1.2929","-0.32%"
"May 05, 2017","1.2981","1.2920","1.2985","1.2900","0.46%"
"May 04, 2017","1.2921","1.2864","1.2931","1.2830","0.42%"
"May 03, 2017","1.2867","1.2940","1.2953","1.2865","-0.55%"
"May 02, 2017","1.2938","1.2888","1.2943","1.2865","0.40%"
"May 01, 2017","1.2886","1.2951","1.2955","1.2879","-0.50%"
"Apr 28, 2017","1.2951","1.2908","1.2970","1.2889","0.36%"
"Apr 27, 2017","1.2904","1.2846","1.2916","1.2836","0.44%"
"Apr 26, 2017","1.2847","1.2840","1.2864","1.2804","0.05%"
"Apr 25, 2017","1.2841","1.2795","1.2846","1.2772","0.37%"
"Apr 24, 2017","1.2794","1.2842","1.2871","1.2770","-0.15%"
"Apr 21, 2017","1.2813","1.2813","1.2835","1.2759","0.00%"
"Apr 20, 2017","1.2813","1.2782","1.2851","1.2775","0.27%"
"Apr 19, 2017","1.2779","1.2839","1.2862","1.2768","-0.48%"
"Apr 18, 2017","1.2841","1.2569","1.2909","1.2518","2.20%"
"Apr 17, 2017","1.2565","1.2531","1.2599","1.2526","0.33%"
"Apr 14, 2017","1.2524","1.2503","1.2537","1.2500","0.14%"
"Apr 13, 2017","1.2506","1.2537","1.2575","1.2497","-0.27%"
"Apr 12, 2017","1.2540","1.2491","1.2550","1.2479","0.39%"
"Apr 11, 2017","1.2491","1.2412","1.2497","1.2404","0.62%"
"Apr 10, 2017","1.2414","1.2384","1.2432","1.2367","0.33%"
"Apr 07, 2017","1.2373","1.2468","1.2478","1.2363","-0.78%"
"Apr 06, 2017","1.2470","1.2486","1.2508","1.2451","-0.10%"
"Apr 05, 2017","1.2483","1.2440","1.2501","1.2423","0.34%"
"Apr 04, 2017","1.2441","1.2488","1.2496","1.2418","-0.37%"
"Apr 03, 2017","1.2487","1.2540","1.2556","1.2464","-0.50%"
"Mar 31, 2017","1.2550","1.2472","1.2562","1.2436","0.65%"
"Mar 30, 2017","1.2469","1.2433","1.2529","1.2405","0.28%"
"Mar 29, 2017","1.2434","1.2447","1.2476","1.2377","-0.13%"
"Mar 28, 2017","1.2450","1.2559","1.2598","1.2439","-0.84%"
"Mar 27, 2017","1.2556","1.2487","1.2618","1.2476","0.69%"
"Mar 24, 2017","1.2470","1.2521","1.2524","1.2468","-0.41%"
"Mar 23, 2017","1.2521","1.2484","1.2532","1.2461","0.30%"
"Mar 22, 2017","1.2484","1.2477","1.2507","1.2423","0.04%"
"Mar 21, 2017","1.2479","1.2358","1.2496","1.2340","0.98%"
"Mar 20, 2017","1.2358","1.2400","1.2437","1.2335","-0.29%"
"Mar 17, 2017","1.2394","1.2359","1.2406","1.2323","0.28%"
"Mar 16, 2017","1.2360","1.2289","1.2378","1.2241","0.55%"
"Mar 15, 2017","1.2292","1.2153","1.2309","1.2139","1.14%"
"Mar 14, 2017","1.2154","1.2219","1.2228","1.2108","-0.53%"
"Mar 13, 2017","1.2219","1.2162","1.2252","1.2149","0.39%"
"Mar 10, 2017","1.2171","1.2168","1.2190","1.2140","0.03%"
"Mar 09, 2017","1.2167","1.2166","1.2195","1.2134","-0.02%"
"Mar 08, 2017","1.2170","1.2199","1.2216","1.2140","-0.25%"
"Mar 07, 2017","1.2200","1.2235","1.2253","1.2168","-0.29%"
"Mar 06, 2017","1.2236","1.2294","1.2302","1.2223","-0.48%"
"Mar 03, 2017","1.2295","1.2270","1.2304","1.2217","0.23%"
"Mar 02, 2017","1.2267","1.2289","1.2308","1.2242","-0.23%"
"Mar 01, 2017","1.2295","1.2382","1.2406","1.2279","-0.69%"
"Feb 28, 2017","1.2381","1.2443","1.2470","1.2369","-0.51%"
"Feb 27, 2017","1.2444","1.2467","1.2486","1.2384","-0.19%"
"Feb 24, 2017","1.2468","1.2554","1.2572","1.2447","-0.69%"
"Feb 23, 2017","1.2555","1.2443","1.2562","1.2428","0.84%"
"Feb 22, 2017","1.2451","1.2471","1.2509","1.2423","-0.18%"
"Feb 21, 2017","1.2473","1.2458","1.2482","1.2398","0.10%"
"Feb 20, 2017","1.2461","1.2410","1.2483","1.2401","0.38%"
"Feb 17, 2017","1.2414","1.2490","1.2513","1.2388","-0.61%"
"Feb 16, 2017","1.2490","1.2462","1.2527","1.2454","0.25%"
"Feb 15, 2017","1.2459","1.2471","1.2482","1.2381","-0.09%"
"Feb 14, 2017","1.2470","1.2526","1.2550","1.2443","-0.46%"
"Feb 13, 2017","1.2528","1.2474","1.2541","1.2470","0.30%"
"Feb 10, 2017","1.2491","1.2498","1.2524","1.2438","-0.04%"
"Feb 09, 2017","1.2496","1.2542","1.2585","1.2490","-0.34%"
"Feb 08, 2017","1.2539","1.2508","1.2551","1.2474","0.22%"
"Feb 07, 2017","1.2511","1.2465","1.2547","1.2346","0.33%"
"Feb 06, 2017","1.2470","1.2491","1.2510","1.2424","-0.14%"
"Feb 03, 2017","1.2488","1.2525","1.2539","1.2458","-0.32%"
"Feb 02, 2017","1.2528","1.2664","1.2715","1.2522","-1.03%"
"Feb 01, 2017","1.2658","1.2587","1.2686","1.2549","0.63%"
"Jan 31, 2017","1.2579","1.2485","1.2598","1.2412","0.74%"
"Jan 30, 2017","1.2486","1.2552","1.2604","1.2466","-0.55%"
"Jan 27, 2017","1.2555","1.2599","1.2614","1.2523","-0.30%"
"Jan 26, 2017","1.2593","1.2638","1.2680","1.2562","-0.32%"
"Jan 25, 2017","1.2634","1.2525","1.2643","1.2492","0.90%"
"Jan 24, 2017","1.2521","1.2534","1.2546","1.2415","-0.11%"
"Jan 23, 2017","1.2535","1.2363","1.2546","1.2356","1.29%"
"Jan 20, 2017","1.2375","1.2342","1.2381","1.2260","0.27%"
"Jan 19, 2017","1.2342","1.2257","1.2343","1.2251","0.68%"
"Jan 18, 2017","1.2259","1.2414","1.2417","1.2252","-1.24%"
"Jan 17, 2017","1.2413","1.2044","1.2415","1.2014","3.03%"
"Jan 16, 2017","1.2048","1.2064","1.2090","1.1985","-1.08%"
"Jan 13, 2017","1.2179","1.2158","1.2234","1.2122","0.13%"
"Jan 12, 2017","1.2163","1.2208","1.2318","1.2150","-0.40%"
"Jan 11, 2017","1.2212","1.2176","1.2270","1.2037","0.29%"
"Jan 10, 2017","1.2177","1.2162","1.2191","1.2105","0.12%"
"Jan 09, 2017","1.2162","1.2268","1.2273","1.2124","-1.02%"
"Jan 06, 2017","1.2287","1.2424","1.2437","1.2264","-1.05%"
"Jan 05, 2017","1.2418","1.2326","1.2436","1.2272","0.78%"
"Jan 04, 2017","1.2322","1.2237","1.2356","1.2222","0.68%"
"Jan 03, 2017","1.2239","1.2274","1.2308","1.2200","-0.29%"
"Jan 02, 2017","1.2275","1.2345","1.2354","1.2268","-0.51%"
"Dec 30, 2016","1.2338","1.2263","1.2389","1.2245","0.61%"
"Dec 29, 2016","1.2263","1.2228","1.2280","1.2212","0.30%"
"Dec 28, 2016","1.2226","1.2269","1.2298","1.2199","-0.37%"
"Dec 27, 2016","1.2271","1.2284","1.2290","1.2237","-0.14%"
"Dec 26, 2016","1.2288","1.2269","1.2314","1.2264","-0.03%"
"Dec 23, 2016","1.2292","1.2283","1.2301","1.2228","0.07%"
"Dec 22, 2016","1.2283","1.2350","1.2379","1.2274","-0.57%"
"Dec 21, 2016","1.2354","1.2364","1.2393","1.2323","-0.11%"
"Dec 20, 2016","1.2367","1.2401","1.2414","1.2313","-0.27%"
"Dec 19, 2016","1.2400","1.2493","1.2504","1.2355","-0.78%"
"Dec 16, 2016","1.2497","1.2427","1.2519","1.2389","0.63%"
"Dec 15, 2016","1.2419","1.2560","1.2572","1.2376","-1.16%"
"Dec 14, 2016","1.2565","1.2659","1.2721","1.2529","-0.73%"
"Dec 13, 2016","1.2658","1.2675","1.2729","1.2651","-0.17%"
"Dec 12, 2016","1.2680","1.2575","1.2704","1.2556","0.83%"
"Dec 09, 2016","1.2576","1.2589","1.2623","1.2550","-0.08%"
"Dec 08, 2016","1.2586","1.2626","1.2706","1.2547","-0.29%"
"Dec 07, 2016","1.2622","1.2678","1.2685","1.2569","-0.43%"
"Dec 06, 2016","1.2677","1.2729","1.2776","1.2655","-0.44%"
"Dec 05, 2016","1.2733","1.2727","1.2746","1.2625","0.03%"
"Dec 02, 2016","1.2729","1.2599","1.2747","1.2574","1.08%"
"Dec 01, 2016","1.2593","1.2506","1.2697","1.2500","0.70%"
"Nov 30, 2016","1.2505","1.2490","1.2524","1.2416","0.12%"
"Nov 29, 2016","1.2490","1.2414","1.2527","1.2386","0.60%"
"Nov 28, 2016","1.2415","1.2470","1.2533","1.2385","-0.49%"
"Nov 25, 2016","1.2476","1.2450","1.2491","1.2415","0.19%"
"Nov 24, 2016","1.2452","1.2442","1.2499","1.2402","0.10%"
"Nov 23, 2016","1.2440","1.2425","1.2470","1.2359","0.13%"
"Nov 22, 2016","1.2424","1.2497","1.2514","1.2383","-0.55%"
"Nov 21, 2016","1.2493","1.2348","1.2514","1.2311","1.19%"
"Nov 18, 2016","1.2346","1.2418","1.2438","1.2300","-0.56%"
"Nov 17, 2016","1.2416","1.2443","1.2507","1.2407","-0.22%"
"Nov 16, 2016","1.2443","1.2456","1.2504","1.2410","-0.10%"
"Nov 15, 2016","1.2456","1.2489","1.2531","1.2382","-0.25%"
"Nov 14, 2016","1.2487","1.2593","1.2614","1.2441","-0.91%"
"Nov 11, 2016","1.2602","1.2554","1.2675","1.2524","0.37%"
"Nov 10, 2016","1.2555","1.2405","1.2585","1.2374","1.20%"
"Nov 09, 2016","1.2406","1.2373","1.2549","1.2351","0.20%"
"Nov 08, 2016","1.2381","1.2393","1.2444","1.2362","-0.14%"
"Nov 07, 2016","1.2398","1.2513","1.2527","1.2379","-0.97%"
"Nov 04, 2016","1.2519","1.2462","1.2559","1.2448","0.46%"
"Nov 03, 2016","1.2462","1.2302","1.2496","1.2295","1.29%"
"Nov 02, 2016","1.2303","1.2243","1.2360","1.2224","0.49%"
"Nov 01, 2016","1.2243","1.2237","1.2282","1.2206","-0.01%"
"Oct 31, 2016","1.2244","1.2179","1.2251","1.2143","0.48%"
"Oct 28, 2016","1.2185","1.2164","1.2217","1.2117","0.18%"
"Oct 27, 2016","1.2163","1.2248","1.2271","1.2148","-0.69%"
"Oct 26, 2016","1.2248","1.2189","1.2251","1.2154","0.49%"
"Oct 25, 2016","1.2188","1.2237","1.2245","1.2083","-0.42%"
"Oct 24, 2016","1.2239","1.2224","1.2253","1.2186","0.03%"
"Oct 21, 2016","1.2235","1.2254","1.2263","1.2171","-0.14%"
"Oct 20, 2016","1.2252","1.2285","1.2300","1.2210","-0.28%"
"Oct 19, 2016","1.2286","1.2297","1.2334","1.2257","-0.09%"
"Oct 18, 2016","1.2297","1.2181","1.2327","1.2174","0.93%"
"Oct 17, 2016","1.2184","1.2188","1.2204","1.2136","-0.02%"
"Oct 14, 2016","1.2187","1.2259","1.2263","1.2168","-0.55%"
"Oct 13, 2016","1.2255","1.2210","1.2275","1.2134","0.38%"
"Oct 12, 2016","1.2208","1.2123","1.2328","1.2105","0.70%"
"Oct 11, 2016","1.2123","1.2367","1.2377","1.2091","-1.94%"
"Oct 10, 2016","1.2363","1.2435","1.2453","1.2347","-0.57%"
"Oct 07, 2016","1.2434","1.2616","1.2626","1.1452","-1.44%"
"Oct 06, 2016","1.2616","1.2746","1.2761","1.2601","-1.04%"
"Oct 05, 2016","1.2749","1.2728","1.2772","1.2684","0.16%"
"Oct 04, 2016","1.2728","1.2842","1.2862","1.2717","-0.90%"
"Oct 03, 2016","1.2843","1.2940","1.2948","1.2817","-1.02%"
"Sep 30, 2016","1.2976","1.2969","1.3023","1.2936","0.05%"
"Sep 29, 2016","1.2970","1.3016","1.3060","1.2953","-0.38%"
"Sep 28, 2016","1.3019","1.3023","1.3033","1.2979","-0.02%"
"Sep 27, 2016","1.3022","1.2975","1.3027","1.2936","0.36%"
"Sep 26, 2016","1.2975","1.2952","1.2988","1.2914","0.01%"
"Sep 23, 2016","1.2974","1.3071","1.3090","1.2913","-0.80%"
"Sep 22, 2016","1.3078","1.3036","1.3125","1.3028","0.39%"
"Sep 21, 2016","1.3027","1.2989","1.3048","1.2945","0.29%"
"Sep 20, 2016","1.2989","1.3029","1.3064","1.2946","-0.29%"
"Sep 19, 2016","1.3027","1.2995","1.3093","1.2992","0.20%"
"Sep 16, 2016","1.3001","1.3241","1.3255","1.2998","-1.79%"
"Sep 15, 2016","1.3238","1.3232","1.3279","1.3179","0.02%"
"Sep 14, 2016","1.3235","1.3191","1.3242","1.3138","0.30%"
"Sep 13, 2016","1.3195","1.3337","1.3344","1.3167","-1.07%"
"Sep 12, 2016","1.3338","1.3273","1.3351","1.3239","0.54%"
"Sep 09, 2016","1.3267","1.3299","1.3341","1.3242","-0.22%"
"Sep 08, 2016","1.3296","1.3339","1.3377","1.3281","-0.31%"
"Sep 07, 2016","1.3338","1.3438","1.3441","1.3317","-0.75%"
"Sep 06, 2016","1.3439","1.3303","1.3447","1.3295","1.01%"
"Sep 05, 2016","1.3304","1.3299","1.3379","1.3291","0.08%"
"Sep 02, 2016","1.3293","1.3272","1.3356","1.3255","0.19%"
"Sep 01, 2016","1.3268","1.3139","1.3318","1.3125","0.99%"
"Aug 31, 2016","1.3138","1.3077","1.3158","1.3065","0.42%"
"Aug 30, 2016","1.3083","1.3110","1.3121","1.3060","-0.15%"
"Aug 29, 2016","1.3103","1.3133","1.3140","1.3057","-0.27%"
"Aug 26, 2016","1.3139","1.3191","1.3281","1.3120","-0.39%"
"Aug 25, 2016","1.3191","1.3233","1.3264","1.3166","-0.32%"
"Aug 24, 2016","1.3233","1.3193","1.3274","1.3160","0.28%"
"Aug 23, 2016","1.3196","1.3137","1.3215","1.3131","0.43%"
"Aug 22, 2016","1.3139","1.3060","1.3158","1.3028","0.49%"
"Aug 19, 2016","1.3075","1.3173","1.3186","1.3021","-0.71%"
"Aug 18, 2016","1.3168","1.3043","1.3174","1.3033","0.97%"
"Aug 17, 2016","1.3042","1.3047","1.3089","1.2979","-0.02%"
"Aug 16, 2016","1.3045","1.2878","1.3052","1.2873","1.28%"
"Aug 15, 2016","1.2880","1.2920","1.2945","1.2864","-0.33%"
"Aug 12, 2016","1.2923","1.2960","1.3039","1.2905","-0.25%"
"Aug 11, 2016","1.2955","1.3006","1.3028","1.2935","-0.43%"
"Aug 10, 2016","1.3011","1.3005","1.3096","1.2990","0.07%"
"Aug 09, 2016","1.3002","1.3040","1.3053","1.2956","-0.28%"
"Aug 08, 2016","1.3039","1.3056","1.3097","1.3027","-0.26%"
"Aug 05, 2016","1.3073","1.3110","1.3178","1.3023","-0.27%"
"Aug 04, 2016","1.3108","1.3329","1.3349","1.3103","-1.65%"
"Aug 03, 2016","1.3328","1.3357","1.3373","1.3280","-0.22%"
"Aug 02, 2016","1.3357","1.3181","1.3366","1.3172","1.36%"
"Aug 01, 2016","1.3178","1.3234","1.3276","1.3165","-0.40%"
"Jul 29, 2016","1.3231","1.3169","1.3305","1.3150","0.50%"
"Jul 28, 2016","1.3165","1.3220","1.3249","1.3117","-0.42%"
"Jul 27, 2016","1.3221","1.3132","1.3235","1.3071","0.68%"
"Jul 26, 2016","1.3132","1.3139","1.3179","1.3059","-0.07%"
"Jul 25, 2016","1.3141","1.3112","1.3165","1.3094","0.23%"
"Jul 22, 2016","1.3111","1.3236","1.3294","1.3081","-0.93%"
"Jul 21, 2016","1.3234","1.3208","1.3276","1.3157","0.18%"
"Jul 20, 2016","1.3210","1.3111","1.3227","1.3063","0.76%"
"Jul 19, 2016","1.3111","1.3255","1.3276","1.3072","-1.09%"
"Jul 18, 2016","1.3256","1.3169","1.3313","1.3163","0.48%"
"Jul 15, 2016","1.3193","1.3342","1.3481","1.3132","-1.12%"
"Jul 14, 2016","1.3342","1.3146","1.3475","1.3106","1.48%"
"Jul 13, 2016","1.3147","1.3248","1.3338","1.3132","-0.72%"
"Jul 12, 2016","1.3243","1.2990","1.3296","1.2969","1.92%"
"Jul 11, 2016","1.2994","1.2950","1.3018","1.2850","0.29%"
"Jul 08, 2016","1.2956","1.2909","1.3018","1.2878","0.36%"
"Jul 07, 2016","1.2910","1.2932","1.3050","1.2874","-0.16%"
"Jul 06, 2016","1.2931","1.3020","1.3030","1.2798","-0.71%"
"Jul 05, 2016","1.3023","1.3289","1.3296","1.2999","-2.01%"
"Jul 04, 2016","1.3290","1.3247","1.3340","1.3228","0.21%"
"Jul 01, 2016","1.3262","1.3307","1.3350","1.3244","-0.37%"
"Jun 30, 2016","1.3311","1.3433","1.3500","1.3207","-0.86%"
"Jun 29, 2016","1.3426","1.3342","1.3535","1.3285","0.63%"
"Jun 28, 2016","1.3342","1.3225","1.3420","1.3198","0.93%"
"Jun 27, 2016","1.3219","1.3564","1.3564","1.3119","-3.37%"
"Jun 24, 2016","1.3680","1.4872","1.5020","1.3226","-8.06%"
"Jun 23, 2016","1.4879","1.4706","1.4947","1.4700","1.16%"
"Jun 22, 2016","1.4708","1.4648","1.4777","1.4644","0.42%"
"Jun 21, 2016","1.4647","1.4700","1.4783","1.4614","-0.35%"
"Jun 20, 2016","1.4699","1.4354","1.4722","1.4354","2.37%"
"Jun 17, 2016","1.4358","1.4204","1.4388","1.4196","1.09%"
"Jun 16, 2016","1.4203","1.4204","1.4253","1.4011","-0.01%"
"Jun 15, 2016","1.4205","1.4116","1.4222","1.4092","0.62%"
"Jun 14, 2016","1.4117","1.4273","1.4273","1.4091","-1.09%"
"Jun 13, 2016","1.4272","1.4257","1.4327","1.4113","0.10%"
"Jun 10, 2016","1.4258","1.4460","1.4474","1.4179","-1.39%"
"Jun 09, 2016","1.4459","1.4501","1.4528","1.4447","-0.30%"
"Jun 08, 2016","1.4502","1.4541","1.4600","1.4497","-0.29%"
"Jun 07, 2016","1.4544","1.4441","1.4645","1.4435","0.71%"
"Jun 06, 2016","1.4442","1.4519","1.4526","1.4356","-0.54%"
"Jun 03, 2016","1.4520","1.4419","1.4582","1.4398","0.66%"
"Jun 02, 2016","1.4425","1.4417","1.4474","1.4405","0.06%"
"Jun 01, 2016","1.4416","1.4479","1.4508","1.4386","-0.43%"
"May 31, 2016","1.4478","1.4639","1.4724","1.4462","-1.10%"
"May 30, 2016","1.4639","1.4624","1.4641","1.4586","0.10%"
"May 27, 2016","1.4625","1.4671","1.4693","1.4605","-0.31%"
"May 26, 2016","1.4670","1.4700","1.4744","1.4644","-0.18%"
"May 25, 2016","1.4696","1.4636","1.4730","1.4601","0.41%"
"May 24, 2016","1.4636","1.4488","1.4646","1.4474","1.04%"
"May 23, 2016","1.4485","1.4506","1.4550","1.4443","-0.11%"
"May 20, 2016","1.4501","1.4611","1.4615","1.4482","-0.76%"
"May 19, 2016","1.4612","1.4600","1.4666","1.4564","0.11%"
"May 18, 2016","1.4596","1.4459","1.4635","1.4401","0.91%"
"May 17, 2016","1.4464","1.4398","1.4526","1.4393","0.44%"
"May 16, 2016","1.4401","1.4352","1.4421","1.4335","0.27%"
"May 13, 2016","1.4362","1.4450","1.4458","1.4339","-0.61%"
"May 12, 2016","1.4450","1.4450","1.4534","1.4409","0.01%"
"May 11, 2016","1.4448","1.4438","1.4488","1.4394","0.05%"
"May 10, 2016","1.4441","1.4407","1.4478","1.4387","0.24%"
"May 09, 2016","1.4407","1.4429","1.4479","1.4373","-0.16%"
"May 06, 2016","1.4430","1.4484","1.4544","1.4413","-0.39%"
"May 05, 2016","1.4486","1.4499","1.4533","1.4446","-0.04%"
"May 04, 2016","1.4492","1.4536","1.4572","1.4460","-0.29%"
"May 03, 2016","1.4534","1.4673","1.4770","1.4528","-0.95%"
"May 02, 2016","1.4673","1.4611","1.4697","1.4578","0.41%"
"Apr 29, 2016","1.4613","1.4609","1.4671","1.4578","0.02%"
"Apr 28, 2016","1.4610","1.4541","1.4623","1.4523","0.46%"
"Apr 27, 2016","1.4543","1.4585","1.4624","1.4476","-0.27%"
"Apr 26, 2016","1.4582","1.4483","1.4640","1.4476","0.69%"
"Apr 25, 2016","1.4482","1.4414","1.4521","1.4402","0.55%"
"Apr 22, 2016","1.4403","1.4323","1.4451","1.4311","0.56%"
"Apr 21, 2016","1.4323","1.4333","1.4441","1.4300","-0.07%"
"Apr 20, 2016","1.4333","1.4393","1.4411","1.4327","-0.42%"
"Apr 19, 2016","1.4393","1.4277","1.4420","1.4267","0.81%"
"Apr 18, 2016","1.4278","1.4225","1.4294","1.4134","0.58%"
"Apr 15, 2016","1.4195","1.4155","1.4241","1.4131","0.29%"
"Apr 14, 2016","1.4154","1.4203","1.4212","1.4089","-0.34%"
"Apr 13, 2016","1.4203","1.4274","1.4280","1.4191","-0.50%"
"Apr 12, 2016","1.4275","1.4240","1.4349","1.4196","0.24%"
"Apr 11, 2016","1.4241","1.4124","1.4286","1.4104","0.81%"
"Apr 08, 2016","1.4126","1.4060","1.4144","1.4042","0.49%"
"Apr 07, 2016","1.4057","1.4120","1.4159","1.4046","-0.45%"
"Apr 06, 2016","1.4121","1.4160","1.4171","1.4005","-0.28%"
"Apr 05, 2016","1.4161","1.4263","1.4281","1.4122","-0.72%"
"Apr 04, 2016","1.4263","1.4219","1.4322","1.4189","0.26%"
"Apr 01, 2016","1.4226","1.4365","1.4379","1.4176","-0.95%"
"Mar 31, 2016","1.4362","1.4380","1.4428","1.4327","-0.11%"
"Mar 30, 2016","1.4378","1.4380","1.4460","1.4360","-0.05%"
"Mar 29, 2016","1.4385","1.4257","1.4409","1.4197","0.92%"
"Mar 28, 2016","1.4254","1.4129","1.4282","1.4118","0.78%"
"Mar 25, 2016","1.4143","1.4153","1.4159","1.4108","-0.08%"
"Mar 24, 2016","1.4154","1.4114","1.4184","1.4057","0.26%"
"Mar 23, 2016","1.4117","1.4207","1.4228","1.4082","-0.64%"
"Mar 22, 2016","1.4208","1.4368","1.4398","1.4190","-1.11%"
"Mar 21, 2016","1.4367","1.4480","1.4480","1.4364","-0.78%"
"Mar 18, 2016","1.4480","1.4482","1.4516","1.4411","0.01%"
"Mar 17, 2016","1.4479","1.4258","1.4503","1.4220","1.54%"
"Mar 16, 2016","1.4259","1.4150","1.4274","1.4053","0.75%"
"Mar 15, 2016","1.4153","1.4301","1.4309","1.4139","-1.04%"
"Mar 14, 2016","1.4302","1.4384","1.4391","1.4291","-0.59%"
"Mar 11, 2016","1.4387","1.4281","1.4438","1.4254","0.75%"
"Mar 10, 2016","1.4280","1.4220","1.4322","1.4121","0.44%"
"Mar 09, 2016","1.4217","1.4217","1.4244","1.4177","0.01%"
"Mar 08, 2016","1.4216","1.4266","1.4276","1.4173","-0.34%"
"Mar 07, 2016","1.4265","1.4234","1.4284","1.4135","0.26%"
"Mar 04, 2016","1.4228","1.4179","1.4249","1.4108","0.35%"
"Mar 03, 2016","1.4179","1.4078","1.4196","1.4032","0.72%"
"Mar 02, 2016","1.4078","1.3948","1.4094","1.3914","0.93%"
"Mar 01, 2016","1.3948","1.3918","1.4019","1.3904","0.23%"
"Feb 29, 2016","1.3916","1.3869","1.3947","1.3834","0.33%"
"Feb 26, 2016","1.3870","1.3962","1.4045","1.3855","-0.67%"
"Feb 25, 2016","1.3963","1.3924","1.3997","1.3898","0.26%"
"Feb 24, 2016","1.3927","1.4022","1.4029","1.3877","-0.68%"
"Feb 23, 2016","1.4022","1.4149","1.4156","1.4005","-0.90%"
"Feb 22, 2016","1.4150","1.4310","1.4320","1.4058","-1.78%"
"Feb 19, 2016","1.4406","1.4333","1.4411","1.4248","0.48%"
"Feb 18, 2016","1.4337","1.4299","1.4398","1.4259","0.28%"
"Feb 17, 2016","1.4297","1.4303","1.4341","1.4236","-0.06%"
"Feb 16, 2016","1.4305","1.4438","1.4518","1.4279","-0.90%"
"Feb 15, 2016","1.4435","1.4501","1.4537","1.4413","-0.50%"
"Feb 12, 2016","1.4507","1.4479","1.4572","1.4444","0.21%"
"Feb 11, 2016","1.4477","1.4522","1.4565","1.4384","-0.31%"
"Feb 10, 2016","1.4522","1.4468","1.4579","1.4448","0.34%"
"Feb 09, 2016","1.4473","1.4430","1.4517","1.4378","0.28%"
"Feb 08, 2016","1.4432","1.4501","1.4547","1.4352","-0.49%"
"Feb 05, 2016","1.4503","1.4590","1.4594","1.4453","-0.59%"
"Feb 04, 2016","1.4589","1.4602","1.4670","1.4529","-0.10%"
"Feb 03, 2016","1.4604","1.4414","1.4653","1.4386","1.34%"
"Feb 02, 2016","1.4411","1.4434","1.4447","1.4326","-0.15%"
"Feb 01, 2016","1.4433","1.4243","1.4448","1.4228","1.31%"
"Jan 29, 2016","1.4247","1.4362","1.4415","1.4150","-0.80%"
"Jan 28, 2016","1.4362","1.4236","1.4412","1.4234","0.90%"
"Jan 27, 2016","1.4234","1.4352","1.4358","1.4230","-0.82%"
"Jan 26, 2016","1.4352","1.4249","1.4368","1.4173","0.72%"
"Jan 25, 2016","1.4249","1.4270","1.4311","1.4223","-0.11%"
"Jan 22, 2016","1.4265","1.4222","1.4364","1.4204","0.33%"
"Jan 21, 2016","1.4218","1.4189","1.4249","1.4080","0.19%"
"Jan 20, 2016","1.4191","1.4154","1.4220","1.4124","0.23%"
"Jan 19, 2016","1.4158","1.4242","1.4341","1.4129","-0.60%"
"Jan 18, 2016","1.4244","1.4262","1.4325","1.4236","-0.10%"
"Jan 15, 2016","1.4258","1.4416","1.4431","1.4251","-1.08%"
"Jan 14, 2016","1.4414","1.4404","1.4446","1.4359","0.05%"
"Jan 13, 2016","1.4407","1.4444","1.4476","1.4379","-0.26%"
"Jan 12, 2016","1.4444","1.4539","1.4560","1.4350","-0.69%"
"Jan 11, 2016","1.4544","1.4526","1.4608","1.4497","0.17%"
"Jan 08, 2016","1.4520","1.4617","1.4646","1.4506","-0.66%"
"Jan 07, 2016","1.4617","1.4630","1.4642","1.4533","-0.07%"
"Jan 06, 2016","1.4627","1.4675","1.4683","1.4601","-0.31%"
"Jan 05, 2016","1.4672","1.4712","1.4726","1.4637","-0.31%"
"Jan 04, 2016","1.4718","1.4748","1.4815","1.4663","-0.20%"
"Jan 01, 2016","1.4748","1.4739","1.4753","1.4739","0.06%"
"Dec 31, 2015","1.4739","1.4813","1.4845","1.4723","-0.53%"
"Dec 30, 2015","1.4817","1.4815","1.4852","1.4794","0.03%"
"Dec 29, 2015","1.4812","1.4877","1.4915","1.4784","-0.44%"
"Dec 28, 2015","1.4877","1.4910","1.4935","1.4871","-0.38%"
"Dec 25, 2015","1.4933","1.4915","1.4948","1.4879","0.11%"
"Dec 24, 2015","1.4917","1.4871","1.4947","1.4863","0.30%"
"Dec 23, 2015","1.4872","1.4831","1.4904","1.4819","0.32%"
"Dec 22, 2015","1.4825","1.4881","1.4908","1.4803","-0.40%"
"Dec 21, 2015","1.4885","1.4903","1.4935","1.4882","-0.07%"
"Dec 18, 2015","1.4895","1.4903","1.4951","1.4886","-0.04%"
"Dec 17, 2015","1.4901","1.5000","1.5004","1.4863","-0.69%"
"Dec 16, 2015","1.5004","1.5038","1.5101","1.4966","-0.21%"
"Dec 15, 2015","1.5035","1.5142","1.5186","1.5026","-0.71%"
"Dec 14, 2015","1.5142","1.5217","1.5232","1.5107","-0.49%"
"Dec 11, 2015","1.5217","1.5162","1.5240","1.5126","0.38%"
"Dec 10, 2015","1.5159","1.5175","1.5202","1.5111","-0.14%"
"Dec 09, 2015","1.5181","1.5008","1.5191","1.5002","1.15%"
"Dec 08, 2015","1.5008","1.5056","1.5062","1.4956","-0.30%"
"Dec 07, 2015","1.5053","1.5098","1.5116","1.5041","-0.39%"
"Dec 04, 2015","1.5112","1.5146","1.5158","1.5079","-0.22%"
"Dec 03, 2015","1.5145","1.4951","1.5160","1.4905","1.30%"
"Dec 02, 2015","1.4951","1.5083","1.5087","1.4897","-0.86%"
"Dec 01, 2015","1.5081","1.5055","1.5126","1.5049","0.16%"
"Nov 30, 2015","1.5057","1.5038","1.5071","1.4994","0.13%"
"Nov 27, 2015","1.5038","1.5103","1.5109","1.5030","-0.42%"
"Nov 26, 2015","1.5102","1.5130","1.5133","1.5065","-0.17%"
"Nov 25, 2015","1.5128","1.5078","1.5137","1.5055","0.27%"
"Nov 24, 2015","1.5087","1.5126","1.5159","1.5055","-0.24%"
"Nov 23, 2015","1.5124","1.5189","1.5198","1.5107","-0.45%"
"Nov 20, 2015","1.5192","1.5292","1.5312","1.5183","-0.64%"
"Nov 19, 2015","1.5290","1.5236","1.5336","1.5223","0.35%"
"Nov 18, 2015","1.5237","1.5210","1.5249","1.5186","0.14%"
"Nov 17, 2015","1.5215","1.5202","1.5240","1.5156","0.11%"
"Nov 16, 2015","1.5199","1.5236","1.5229","1.5180","-0.22%"
"Nov 13, 2015","1.5233","1.5233","1.5266","1.5188","0.01%"
"Nov 12, 2015","1.5231","1.5208","1.5246","1.5172","0.12%"
"Nov 11, 2015","1.5212","1.5122","1.5226","1.5118","0.63%"
"Nov 10, 2015","1.5117","1.5113","1.5146","1.5090","0.01%"
"Nov 09, 2015","1.5115","1.5048","1.5128","1.5039","0.43%"
"Nov 06, 2015","1.5050","1.5207","1.5222","1.5026","-1.03%"
"Nov 05, 2015","1.5206","1.5385","1.5402","1.5202","-1.15%"
"Nov 04, 2015","1.5383","1.5419","1.5444","1.5357","-0.25%"
"Nov 03, 2015","1.5421","1.5417","1.5448","1.5360","0.03%"
"Nov 02, 2015","1.5417","1.5450","1.5499","1.5402","-0.08%"
"Oct 30, 2015","1.5429","1.5310","1.5468","1.5303","0.77%"
"Oct 29, 2015","1.5311","1.5264","1.5326","1.5244","0.33%"
"Oct 28, 2015","1.5261","1.5298","1.5347","1.5246","-0.24%"
"Oct 27, 2015","1.5297","1.5353","1.5360","1.5282","-0.35%"
"Oct 26, 2015","1.5350","1.5308","1.5382","1.5302","0.24%"
"Oct 23, 2015","1.5314","1.5393","1.5420","1.5303","-0.52%"
"Oct 22, 2015","1.5394","1.5419","1.5509","1.5370","-0.16%"
"Oct 21, 2015","1.5419","1.5444","1.5480","1.5412","-0.14%"
"Oct 20, 2015","1.5441","1.5464","1.5505","1.5432","-0.16%"
"Oct 19, 2015","1.5465","1.5435","1.5501","1.5429","0.19%"
"Oct 16, 2015","1.5436","1.5454","1.5486","1.5429","-0.14%"
"Oct 15, 2015","1.5457","1.5478","1.5513","1.5418","-0.13%"
"Oct 14, 2015","1.5477","1.5250","1.5499","1.5249","1.50%"
"Oct 13, 2015","1.5248","1.5351","1.5391","1.5202","-0.63%"
"Oct 12, 2015","1.5345","1.5318","1.5374","1.5310","0.27%"
"Oct 09, 2015","1.5304","1.5347","1.5384","1.5298","-0.29%"
"Oct 08, 2015","1.5349","1.5319","1.5377","1.5263","0.20%"
"Oct 07, 2015","1.5318","1.5229","1.5343","1.5223","0.60%"
"Oct 06, 2015","1.5227","1.5149","1.5248","1.5143","0.55%"
"Oct 05, 2015","1.5144","1.5178","1.5244","1.5135","-0.25%"
"Oct 02, 2015","1.5182","1.5127","1.5238","1.5124","0.35%"
"Oct 01, 2015","1.5129","1.5128","1.5180","1.5107","0.00%"
"Sep 30, 2015","1.5129","1.5149","1.5214","1.5107","-0.15%"
"Sep 29, 2015","1.5151","1.5175","1.5208","1.5130","-0.15%"
"Sep 28, 2015","1.5174","1.5184","1.5243","1.5158","-0.05%"
"Sep 25, 2015","1.5182","1.5241","1.5261","1.5134","-0.39%"
"Sep 24, 2015","1.5241","1.5241","1.5289","1.5199","-0.03%"
"Sep 23, 2015","1.5246","1.5362","1.5370","1.5221","-0.77%"
"Sep 22, 2015","1.5365","1.5505","1.5531","1.5341","-0.92%"
"Sep 21, 2015","1.5507","1.5535","1.5568","1.5480","-0.16%"
"Sep 18, 2015","1.5532","1.5589","1.5659","1.5513","-0.38%"
"Sep 17, 2015","1.5591","1.5492","1.5632","1.5488","0.63%"
"Sep 16, 2015","1.5493","1.5341","1.5529","1.5328","0.98%"
"Sep 15, 2015","1.5342","1.5425","1.5457","1.5326","-0.54%"
"Sep 14, 2015","1.5426","1.5422","1.5473","1.5373","-0.02%"
"Sep 11, 2015","1.5429","1.5442","1.5465","1.5400","-0.11%"
"Sep 10, 2015","1.5446","1.5366","1.5478","1.5339","0.51%"
"Sep 09, 2015","1.5368","1.5400","1.5409","1.5352","-0.18%"
"Sep 08, 2015","1.5396","1.5275","1.5413","1.5267","0.83%"
"Sep 07, 2015","1.5270","1.5179","1.5289","1.5169","0.65%"
"Sep 04, 2015","1.5171","1.5258","1.5276","1.5163","-0.56%"
"Sep 03, 2015","1.5257","1.5299","1.5316","1.5219","-0.29%"
"Sep 02, 2015","1.5301","1.5302","1.5327","1.5265","-0.01%"
"Sep 01, 2015","1.5303","1.5343","1.5408","1.5298","-0.26%"
"Aug 31, 2015","1.5343","1.5394","1.5437","1.5336","-0.32%"
"Aug 28, 2015","1.5393","1.5401","1.5445","1.5335","-0.05%"
"Aug 27, 2015","1.5400","1.5460","1.5509","1.5369","-0.38%"
"Aug 26, 2015","1.5459","1.5687","1.5720","1.5450","-1.46%"
"Aug 25, 2015","1.5688","1.5778","1.5820","1.5679","-0.56%"
"Aug 24, 2015","1.5776","1.5701","1.5804","1.5630","0.50%"
"Aug 21, 2015","1.5697","1.5687","1.5725","1.5657","0.06%"
"Aug 20, 2015","1.5688","1.5678","1.5702","1.5605","0.05%"
"Aug 19, 2015","1.5680","1.5657","1.5701","1.5635","0.12%"
"Aug 18, 2015","1.5661","1.5591","1.5722","1.5565","0.47%"
"Aug 17, 2015","1.5587","1.5645","1.5692","1.5582","-0.38%"
"Aug 14, 2015","1.5646","1.5608","1.5661","1.5589","0.23%"
"Aug 13, 2015","1.5610","1.5610","1.5640","1.5575","-0.03%"
"Aug 12, 2015","1.5615","1.5571","1.5662","1.5534","0.27%"
"Aug 11, 2015","1.5573","1.5587","1.5613","1.5553","-0.09%"
"Aug 10, 2015","1.5587","1.5491","1.5605","1.5456","0.58%"
"Aug 07, 2015","1.5497","1.5509","1.5545","1.5423","-0.10%"
"Aug 06, 2015","1.5512","1.5602","1.5638","1.5468","-0.58%"
"Aug 05, 2015","1.5602","1.5564","1.5652","1.5526","0.24%"
"Aug 04, 2015","1.5564","1.5589","1.5636","1.5557","-0.15%"
"Aug 03, 2015","1.5587","1.5627","1.5648","1.5566","-0.24%"
"Jul 31, 2015","1.5624","1.5602","1.5679","1.5549","0.14%"
"Jul 30, 2015","1.5602","1.5598","1.5640","1.5562","-0.01%"
"Jul 29, 2015","1.5604","1.5614","1.5692","1.5589","-0.04%"
"Jul 28, 2015","1.5611","1.5558","1.5629","1.5528","0.34%"
"Jul 27, 2015","1.5558","1.5511","1.5596","1.5492","0.28%"
"Jul 24, 2015","1.5514","1.5514","1.5527","1.5467","0.00%"
"Jul 23, 2015","1.5514","1.5616","1.5673","1.5501","-0.64%"
"Jul 22, 2015","1.5614","1.5558","1.5646","1.5545","0.36%"
"Jul 21, 2015","1.5558","1.5562","1.5591","1.5528","-0.05%"
"Jul 20, 2015","1.5566","1.5610","1.5629","1.5539","-0.28%"
"Jul 17, 2015","1.5609","1.5610","1.5672","1.5555","-0.01%"
"Jul 16, 2015","1.5610","1.5642","1.5654","1.5562","-0.17%"
"Jul 15, 2015","1.5637","1.5634","1.5676","1.5577","0.01%"
"Jul 14, 2015","1.5636","1.5491","1.5644","1.5455","0.96%"
"Jul 13, 2015","1.5488","1.5505","1.5591","1.5480","-0.24%"
"Jul 10, 2015","1.5526","1.5381","1.5551","1.5362","0.95%"
"Jul 09, 2015","1.5380","1.5361","1.5423","1.5344","0.12%"
"Jul 08, 2015","1.5362","1.5463","1.5467","1.5330","-0.65%"
"Jul 07, 2015","1.5462","1.5602","1.5610","1.5414","-0.92%"
"Jul 06, 2015","1.5606","1.5538","1.5633","1.5535","0.23%"
"Jul 03, 2015","1.5570","1.5610","1.5646","1.5558","-0.25%"
"Jul 02, 2015","1.5609","1.5616","1.5641","1.5563","-0.06%"
"Jul 01, 2015","1.5618","1.5713","1.5737","1.5594","-0.58%"