STATION,LATITUDE,LONGITUDE,ELEVATION,DATE,PRCP,TAVG,TMAX,TMIN
UKM00003772,51.478,-0.461,25.3,04/01/2014,7.6,7.6,9.5,
UKM00003772,51.478,-0.461,25.3,05/01/2014,9.9,5.8,,0.7
UKM00003772,51.478,-0.461,25.3,06/01/2014,8.9,11.3,,8.4
UKM00003772,51.478,-0.461,25.3,07/01/2014,10.2,10.6,,
UKM00003772,51.478,-0.461,25.3,08/01/2014,5.3,9.5,,6.7
UKM00003772,51.478,-0.461,25.3,09/01/2014,3.6,8.9,,
UKM00003772,51.478,-0.461,25.3,10/01/2014,0,6.4,10.9,2.3
UKM00003772,51.478,-0.461,25.3,11/01/2014,1.8,6.7,9.2,
UKM00003772,51.478,-0.461,25.3,12/01/2014,0,3.7,,
UKM00003772,51.478,-0.461,25.3,13/01/2014,2.3,6.9,9.7,
UKM00003772,51.478,-0.461,25.3,14/01/2014,5.1,4.5,7.2,
UKM00003772,51.478,-0.461,25.3,15/01/2014,4.6,9.6,11.3,5.1
UKM00003772,51.478,-0.461,25.3,16/01/2014,2.8,8.4,10.6,
UKM00003772,51.478,-0.461,25.3,17/01/2014,10.9,7.3,9.2,
UKM00003772,51.478,-0.461,25.3,18/01/2014,7.1,8.6,10.7,6.1
UKM00003772,51.478,-0.461,25.3,19/01/2014,0.8,6.7,,
UKM00003772,51.478,-0.461,25.3,20/01/2014,0,4.8,,0.6
UKM00003772,51.478,-0.461,25.3,21/01/2014,0.3,4.6,8.7,1
UKM00003772,51.478,-0.461,25.3,22/01/2014,8.6,7.8,10.7,5.9
UKM00003772,51.478,-0.461,25.3,23/01/2014,0.3,5.4,,2.2
UKM00003772,51.478,-0.461,25.3,24/01/2014,1.5,5.5,8.2,1.7
UKM00003772,51.478,-0.461,25.3,25/01/2014,5.6,8.2,12.3,
UKM00003772,51.478,-0.461,25.3,26/01/2014,1.8,5.8,,
UKM00003772,51.478,-0.461,25.3,27/01/2014,5.1,4.8,,2
UKM00003772,51.478,-0.461,25.3,28/01/2014,1.8,6.6,10.1,4.5
UKM00003772,51.478,-0.461,25.3,29/01/2014,1.5,4.5,,
UKM00003772,51.478,-0.461,25.3,30/01/2014,19.1,4.6,6,
UKM00003772,51.478,-0.461,25.3,31/01/2014,0.3,5.1,,
UKM00003772,51.478,-0.461,25.3,01/02/2014,19.8,7.6,,
UKM00003772,51.478,-0.461,25.3,02/02/2014,0,7.5,10.2,
UKM00003772,51.478,-0.461,25.3,03/02/2014,0,6.2,8.8,3.4
UKM00003772,51.478,-0.461,25.3,04/02/2014,0,6.8,9.4,
UKM00003772,51.478,-0.461,25.3,05/02/2014,11.2,8.3,10.1,5.5
UKM00003772,51.478,-0.461,25.3,06/02/2014,1.5,7.9,,
UKM00003772,51.478,-0.461,25.3,07/02/2014,19.1,7.8,,
UKM00003772,51.478,-0.461,25.3,08/02/2014,5.8,7.9,9.8,6.9
UKM00003772,51.478,-0.461,25.3,09/02/2014,2.3,6.8,,
UKM00003772,51.478,-0.461,25.3,10/02/2014,0,5.4,,
UKM00003772,51.478,-0.461,25.3,11/02/2014,1.5,5.4,8.7,2
UKM00003772,51.478,-0.461,25.3,12/02/2014,2.3,6.2,9.3,2.6
UKM00003772,51.478,-0.461,25.3,13/02/2014,8.1,5.7,8.6,3.8
UKM00003772,51.478,-0.461,25.3,14/02/2014,0,6.9,,
UKM00003772,51.478,-0.461,25.3,15/02/2014,10.2,8.7,11,
UKM00003772,51.478,-0.461,25.3,16/02/2014,0.5,6.2,10.7,
UKM00003772,51.478,-0.461,25.3,17/02/2014,0,7.6,,2.7
UKM00003772,51.478,-0.461,25.3,18/02/2014,2.3,8.3,11.1,
UKM00003772,51.478,-0.461,25.3,19/02/2014,5.8,7.4,,
UKM00003772,51.478,-0.461,25.3,20/02/2014,0,9.8,13.5,
UKM00003772,51.478,-0.461,25.3,21/02/2014,1.5,6.7,10.9,
UKM00003772,51.478,-0.461,25.3,22/02/2014,0,8.1,,4.6
UKM00003772,51.478,-0.461,25.3,23/02/2014,0,10.6,12.5,7.5
UKM00003772,51.478,-0.461,25.3,24/02/2014,0,10.2,14.9,6.8
UKM00003772,51.478,-0.461,25.3,25/02/2014,3.3,8.7,,
UKM00003772,51.478,-0.461,25.3,26/02/2014,2.5,7.2,,2.9
UKM00003772,51.478,-0.461,25.3,27/02/2014,1.8,7.6,12,
UKM00003772,51.478,-0.461,25.3,28/02/2014,3.3,5.2,8.4,1.8
UKM00003772,51.478,-0.461,25.3,01/03/2014,6.1,5,10.1,1
UKM00003772,51.478,-0.461,25.3,02/03/2014,0,6.9,10.4,
UKM00003772,51.478,-0.461,25.3,03/03/2014,7.1,6,,
UKM00003772,51.478,-0.461,25.3,04/03/2014,1,5.6,11,
UKM00003772,51.478,-0.461,25.3,05/03/2014,0,6.8,13.2,0.2
UKM00003772,51.478,-0.461,25.3,06/03/2014,0.3,8.6,13.5,5
UKM00003772,51.478,-0.461,25.3,07/03/2014,0,10.9,16.7,6.6
UKM00003772,51.478,-0.461,25.3,08/03/2014,0,10.8,,
UKM00003772,51.478,-0.461,25.3,09/03/2014,0,12.3,19.2,5.8
UKM00003772,51.478,-0.461,25.3,10/03/2014,0,8.7,,4.2
UKM00003772,51.478,-0.461,25.3,11/03/2014,0,8.2,,
UKM00003772,51.478,-0.461,25.3,12/03/2014,0,8.4,16.3,
UKM00003772,51.478,-0.461,25.3,13/03/2014,0.3,9.4,18.7,
UKM00003772,51.478,-0.461,25.3,14/03/2014,0,9.6,17,
UKM00003772,51.478,-0.461,25.3,15/03/2014,0,11.4,18.2,6.9
UKM00003772,51.478,-0.461,25.3,16/03/2014,0,12.7,,7
UKM00003772,51.478,-0.461,25.3,17/03/2014,0,9.8,14,5.5
UKM00003772,51.478,-0.461,25.3,18/03/2014,0,10.4,14.2,6.7
UKM00003772,51.478,-0.461,25.3,19/03/2014,0,10.8,,
UKM00003772,51.478,-0.461,25.3,20/03/2014,0,10.2,,6.9
UKM00003772,51.478,-0.461,25.3,21/03/2014,2.5,9,13,
UKM00003772,51.478,-0.461,25.3,22/03/2014,6.1,7.2,11.8,
UKM00003772,51.478,-0.461,25.3,23/03/2014,0,6.5,,1.5
UKM00003772,51.478,-0.461,25.3,24/03/2014,0,5.9,11.5,-0.1
UKM00003772,51.478,-0.461,25.3,25/03/2014,2.3,6.9,,
UKM00003772,51.478,-0.461,25.3,26/03/2014,4.6,4.7,9.5,
UKM00003772,51.478,-0.461,25.3,27/03/2014,2,5.8,11.1,3
UKM00003772,51.478,-0.461,25.3,28/03/2014,0,8.3,14,3.4
UKM00003772,51.478,-0.461,25.3,29/03/2014,0,13,19.3,
UKM00003772,51.478,-0.461,25.3,30/03/2014,0,13.6,19.8,6.8
UKM00003772,51.478,-0.461,25.3,31/03/2014,0,14,17,9.8
UKM00003772,51.478,-0.461,25.3,01/04/2014,1.5,12.6,,
UKM00003772,51.478,-0.461,25.3,02/04/2014,0,14.2,,
UKM00003772,51.478,-0.461,25.3,03/04/2014,0,13.7,18.3,
UKM00003772,51.478,-0.461,25.3,04/04/2014,0,12.6,15.1,
UKM00003772,51.478,-0.461,25.3,05/04/2014,0,11.2,,6
UKM00003772,51.478,-0.461,25.3,06/04/2014,1.5,13.6,16,12.7
UKM00003772,51.478,-0.461,25.3,07/04/2014,2.5,12.6,14.4,
UKM00003772,51.478,-0.461,25.3,08/04/2014,4.3,9.7,14,5.4
UKM00003772,51.478,-0.461,25.3,09/04/2014,0,10.8,17.1,4.4
UKM00003772,51.478,-0.461,25.3,10/04/2014,0,11.7,16.6,6.6
UKM00003772,51.478,-0.461,25.3,11/04/2014,0,12.5,16,
UKM00003772,51.478,-0.461,25.3,12/04/2014,0,10.4,14.1,6.3
UKM00003772,51.478,-0.461,25.3,13/04/2014,0,11.7,16.4,7.9
UKM00003772,51.478,-0.461,25.3,14/04/2014,0,11,,6
UKM00003772,51.478,-0.461,25.3,15/04/2014,0,9.2,14.6,3.8
UKM00003772,51.478,-0.461,25.3,16/04/2014,0,10.2,17.1,3.5
UKM00003772,51.478,-0.461,25.3,17/04/2014,0,11.7,,5.9
UKM00003772,51.478,-0.461,25.3,18/04/2014,0,9.2,,5.7
UKM00003772,51.478,-0.461,25.3,19/04/2014,0,8.9,14,3.4
UKM00003772,51.478,-0.461,25.3,20/04/2014,0,10.1,14.1,6.7
UKM00003772,51.478,-0.461,25.3,21/04/2014,8.9,12,19.3,
UKM00003772,51.478,-0.461,25.3,22/04/2014,26.9,11.9,16.4,
UKM00003772,51.478,-0.461,25.3,23/04/2014,0.3,11.6,16.5,5.8
UKM00003772,51.478,-0.461,25.3,24/04/2014,2.3,13.4,17.3,
UKM00003772,51.478,-0.461,25.3,25/04/2014,0,10.1,,
UKM00003772,51.478,-0.461,25.3,26/04/2014,6.6,11.7,16.2,7.5
UKM00003772,51.478,-0.461,25.3,27/04/2014,0.8,11.6,,8.7
UKM00003772,51.478,-0.461,25.3,28/04/2014,0.8,12.7,18.2,9.8
UKM00003772,51.478,-0.461,25.3,29/04/2014,0,12.7,17.2,8.4
UKM00003772,51.478,-0.461,25.3,30/04/2014,0,12.7,19.6,
UKM00003772,51.478,-0.461,25.3,01/05/2014,1.5,11.5,,9.6
UKM00003772,51.478,-0.461,25.3,02/05/2014,10.2,10,,
UKM00003772,51.478,-0.461,25.3,03/05/2014,0,8.9,14.5,
UKM00003772,51.478,-0.461,25.3,04/05/2014,0,10.9,16.6,4.7
UKM00003772,51.478,-0.461,25.3,05/05/2014,0,12.9,18.5,
UKM00003772,51.478,-0.461,25.3,06/05/2014,0,14.5,,
UKM00003772,51.478,-0.461,25.3,07/05/2014,0.3,13.3,17.8,
UKM00003772,51.478,-0.461,25.3,08/05/2014,1,13.1,,11
UKM00003772,51.478,-0.461,25.3,09/05/2014,4.3,14,17.8,11.2
UKM00003772,51.478,-0.461,25.3,10/05/2014,2.8,13.1,18.1,10.6
UKM00003772,51.478,-0.461,25.3,11/05/2014,2.3,11.5,14.9,8.7
UKM00003772,51.478,-0.461,25.3,12/05/2014,0.3,12,17.9,
UKM00003772,51.478,-0.461,25.3,13/05/2014,6.6,11.6,16.4,8.5
UKM00003772,51.478,-0.461,25.3,14/05/2014,8.6,13.6,19.5,6.2
UKM00003772,51.478,-0.461,25.3,15/05/2014,0,15.1,21.5,8.2
UKM00003772,51.478,-0.461,25.3,16/05/2014,0,16.3,22.8,
UKM00003772,51.478,-0.461,25.3,17/05/2014,0,18,23.8,
UKM00003772,51.478,-0.461,25.3,18/05/2014,0,18.1,23.5,
UKM00003772,51.478,-0.461,25.3,19/05/2014,0,19.7,26.3,
UKM00003772,51.478,-0.461,25.3,20/05/2014,0,16.8,20.1,
UKM00003772,51.478,-0.461,25.3,21/05/2014,0,14.8,19.3,
UKM00003772,51.478,-0.461,25.3,22/05/2014,7.9,14.5,,
UKM00003772,51.478,-0.461,25.3,23/05/2014,6.1,13.4,17,
UKM00003772,51.478,-0.461,25.3,24/05/2014,8.6,12.7,16.2,
UKM00003772,51.478,-0.461,25.3,25/05/2014,5.3,13.7,18.2,
UKM00003772,51.478,-0.461,25.3,26/05/2014,1.5,11.4,,
UKM00003772,51.478,-0.461,25.3,27/05/2014,10.9,12.2,,
UKM00003772,51.478,-0.461,25.3,28/05/2014,9.9,12.5,,9.3
UKM00003772,51.478,-0.461,25.3,29/05/2014,0,15.3,19.6,13
UKM00003772,51.478,-0.461,25.3,30/05/2014,0,14.1,16.4,
UKM00003772,51.478,-0.461,25.3,31/05/2014,0,14.8,19.2,8.2
UKM00003772,51.478,-0.461,25.3,01/06/2014,0,17.1,22.2,10.8
UKM00003772,51.478,-0.461,25.3,02/06/2014,0.3,16.4,21.2,13
UKM00003772,51.478,-0.461,25.3,03/06/2014,0,14.8,19.9,
UKM00003772,51.478,-0.461,25.3,04/06/2014,4.3,12.1,14.8,
UKM00003772,51.478,-0.461,25.3,05/06/2014,6.4,14.3,19.7,8.2
UKM00003772,51.478,-0.461,25.3,06/06/2014,0,16.6,,
UKM00003772,51.478,-0.461,25.3,07/06/2014,0,18,22.3,
UKM00003772,51.478,-0.461,25.3,08/06/2014,4.3,19,24.5,
UKM00003772,51.478,-0.461,25.3,09/06/2014,0,19.8,26,
UKM00003772,51.478,-0.461,25.3,10/06/2014,1.5,17.8,22.5,
UKM00003772,51.478,-0.461,25.3,11/06/2014,0,17.3,22.4,10.8
UKM00003772,51.478,-0.461,25.3,12/06/2014,0,19.4,25,11.9
UKM00003772,51.478,-0.461,25.3,13/06/2014,0,20.8,26.1,13.3
UKM00003772,51.478,-0.461,25.3,14/06/2014,5.8,18.3,22.2,14.8
UKM00003772,51.478,-0.461,25.3,15/06/2014,2.8,15.7,,14
UKM00003772,51.478,-0.461,25.3,16/06/2014,0,15.2,,12.8
UKM00003772,51.478,-0.461,25.3,17/06/2014,0,16.7,,
UKM00003772,51.478,-0.461,25.3,18/06/2014,0,17.8,,13.6
UKM00003772,51.478,-0.461,25.3,19/06/2014,0.3,16.6,,
UKM00003772,51.478,-0.461,25.3,20/06/2014,0,17.1,23.4,11.5
UKM00003772,51.478,-0.461,25.3,21/06/2014,0,19,24.1,13.2
UKM00003772,51.478,-0.461,25.3,22/06/2014,0,19.4,,13.7
UKM00003772,51.478,-0.461,25.3,23/06/2014,0,19.7,25.8,
UKM00003772,51.478,-0.461,25.3,24/06/2014,0,19.1,,13.7
UKM00003772,51.478,-0.461,25.3,25/06/2014,0,16.7,21.3,11.4
UKM00003772,51.478,-0.461,25.3,26/06/2014,0,16.6,,
UKM00003772,51.478,-0.461,25.3,27/06/2014,1.3,17.8,23.3,13.9
UKM00003772,51.478,-0.461,25.3,28/06/2014,0,15.1,,12.2
UKM00003772,51.478,-0.461,25.3,29/06/2014,13.7,15.3,19.5,12.6
UKM00003772,51.478,-0.461,25.3,30/06/2014,0,15.5,21.2,9.8
UKM00003772,51.478,-0.461,25.3,01/07/2014,0.5,17.6,23.3,
UKM00003772,51.478,-0.461,25.3,02/07/2014,0,18.4,,11.1
UKM00003772,51.478,-0.461,25.3,03/07/2014,0,20.6,27.1,13.1
UKM00003772,51.478,-0.461,25.3,04/07/2014,0,19.8,27,14
UKM00003772,51.478,-0.461,25.3,05/07/2014,2.8,18,21.9,
UKM00003772,51.478,-0.461,25.3,06/07/2014,0.8,16.6,21.9,
UKM00003772,51.478,-0.461,25.3,07/07/2014,1.5,16.4,21.5,
UKM00003772,51.478,-0.461,25.3,08/07/2014,0,16,,11.7
UKM00003772,51.478,-0.461,25.3,09/07/2014,7.6,17.7,23.4,12
UKM00003772,51.478,-0.461,25.3,10/07/2014,0,17.6,21.9,
UKM00003772,51.478,-0.461,25.3,11/07/2014,0,16.8,21,12.4
UKM00003772,51.478,-0.461,25.3,12/07/2014,0.5,18.7,,
UKM00003772,51.478,-0.461,25.3,13/07/2014,1.8,18.2,,
UKM00003772,51.478,-0.461,25.3,14/07/2014,0,18.6,25.2,11.7
UKM00003772,51.478,-0.461,25.3,15/07/2014,0,21.1,26.5,
UKM00003772,51.478,-0.461,25.3,16/07/2014,0,20.8,27.4,
UKM00003772,51.478,-0.461,25.3,17/07/2014,0,22.8,29.1,17.3
UKM00003772,51.478,-0.461,25.3,18/07/2014,6.6,24.1,30.3,17.9
UKM00003772,51.478,-0.461,25.3,19/07/2014,1.3,22.8,28.3,
UKM00003772,51.478,-0.461,25.3,20/07/2014,0.5,21.2,26.9,
UKM00003772,51.478,-0.461,25.3,21/07/2014,0,21.4,26.9,15.9
UKM00003772,51.478,-0.461,25.3,22/07/2014,0,21.4,27.5,15.9
UKM00003772,51.478,-0.461,25.3,23/07/2014,0,22,29.8,15.5
UKM00003772,51.478,-0.461,25.3,24/07/2014,0,22.8,29.6,
UKM00003772,51.478,-0.461,25.3,25/07/2014,0,20.2,27.3,
UKM00003772,51.478,-0.461,25.3,26/07/2014,9.9,23.4,29.1,18
UKM00003772,51.478,-0.461,25.3,27/07/2014,0,21.5,26.2,18.5
UKM00003772,51.478,-0.461,25.3,28/07/2014,0,18.3,23.5,
UKM00003772,51.478,-0.461,25.3,29/07/2014,16.5,20.9,27.2,15.7
UKM00003772,51.478,-0.461,25.3,30/07/2014,0,20,26.4,
UKM00003772,51.478,-0.461,25.3,31/07/2014,0,19.7,25.5,
UKM00003772,51.478,-0.461,25.3,01/08/2014,0,19.4,25.4,
UKM00003772,51.478,-0.461,25.3,02/08/2014,0,19.2,24.6,
UKM00003772,51.478,-0.461,25.3,03/08/2014,1.8,18,24.2,12.5
UKM00003772,51.478,-0.461,25.3,04/08/2014,0,18.4,24.3,
UKM00003772,51.478,-0.461,25.3,05/08/2014,,18.6,25.1,
UKM00003772,51.478,-0.461,25.3,06/08/2014,,21.2,26.4,
UKM00003772,51.478,-0.461,25.3,07/08/2014,,22.2,26.1,
UKM00003772,51.478,-0.461,25.3,08/08/2014,0,19.2,23.7,
UKM00003772,51.478,-0.461,25.3,09/08/2014,22.1,18.2,23.7,
UKM00003772,51.478,-0.461,25.3,10/08/2014,1,17.6,22.6,
UKM00003772,51.478,-0.461,25.3,11/08/2014,9.1,16,21.9,12.9
UKM00003772,51.478,-0.461,25.3,12/08/2014,19.3,15.6,20.7,12.8
UKM00003772,51.478,-0.461,25.3,13/08/2014,0.5,16.4,22.7,11.8
UKM00003772,51.478,-0.461,25.3,14/08/2014,0,15.6,21.6,
UKM00003772,51.478,-0.461,25.3,15/08/2014,6.4,15.7,20.7,
UKM00003772,51.478,-0.461,25.3,16/08/2014,0.3,16,21.8,
UKM00003772,51.478,-0.461,25.3,17/08/2014,0,15.9,21.5,
UKM00003772,51.478,-0.461,25.3,18/08/2014,1.3,14.7,20.2,
UKM00003772,51.478,-0.461,25.3,19/08/2014,0.5,13.3,18.9,
UKM00003772,51.478,-0.461,25.3,20/08/2014,0.3,13.3,19,
UKM00003772,51.478,-0.461,25.3,21/08/2014,0,13.2,18.1,
UKM00003772,51.478,-0.461,25.3,22/08/2014,0,15.4,20.7,
UKM00003772,51.478,-0.461,25.3,23/08/2014,0.5,13.3,19.5,
UKM00003772,51.478,-0.461,25.3,24/08/2014,0.5,13.4,19,
UKM00003772,51.478,-0.461,25.3,25/08/2014,0.3,15.4,17.4,12.9
UKM00003772,51.478,-0.461,25.3,26/08/2014,20.3,15.4,17,
UKM00003772,51.478,-0.461,25.3,27/08/2014,2.8,15.8,20,
UKM00003772,51.478,-0.461,25.3,28/08/2014,0.8,18.1,22.8,
UKM00003772,51.478,-0.461,25.3,29/08/2014,0.3,17.2,21.5,13.9
UKM00003772,51.478,-0.461,25.3,30/08/2014,0.3,17.1,20.2,
UKM00003772,51.478,-0.461,25.3,31/08/2014,0.3,16.4,21.7,
UKM00003772,51.478,-0.461,25.3,01/09/2014,0,15.7,19.2,
UKM00003772,51.478,-0.461,25.3,02/09/2014,2,17.3,22.9,12.2
UKM00003772,51.478,-0.461,25.3,03/09/2014,0,18.1,23.6,
UKM00003772,51.478,-0.461,25.3,04/09/2014,0,17.8,21.3,
UKM00003772,51.478,-0.461,25.3,05/09/2014,0,18.2,20.7,
UKM00003772,51.478,-0.461,25.3,06/09/2014,0,18.2,21.8,
UKM00003772,51.478,-0.461,25.3,07/09/2014,0,16.6,21.6,
UKM00003772,51.478,-0.461,25.3,08/09/2014,0,16.1,22.5,10
UKM00003772,51.478,-0.461,25.3,09/09/2014,0,16.9,22.4,11.9
UKM00003772,51.478,-0.461,25.3,10/09/2014,0,15.8,21.2,
UKM00003772,51.478,-0.461,25.3,11/09/2014,0,14.9,18.5,
UKM00003772,51.478,-0.461,25.3,12/09/2014,0,17.1,23.5,12.8
UKM00003772,51.478,-0.461,25.3,13/09/2014,0,16.4,21.3,
UKM00003772,51.478,-0.461,25.3,14/09/2014,0,16.4,21.4,
UKM00003772,51.478,-0.461,25.3,15/09/2014,0,16.4,22.1,
UKM00003772,51.478,-0.461,25.3,16/09/2014,0,17.7,23.8,
UKM00003772,51.478,-0.461,25.3,17/09/2014,0,17.6,20.7,16
UKM00003772,51.478,-0.461,25.3,18/09/2014,0,19.5,,14.7
UKM00003772,51.478,-0.461,25.3,19/09/2014,5.6,19.2,24.5,
UKM00003772,51.478,-0.461,25.3,20/09/2014,0,17.2,19.3,
UKM00003772,51.478,-0.461,25.3,21/09/2014,0.3,14.8,18.6,
UKM00003772,51.478,-0.461,25.3,22/09/2014,0,13.2,19.3,
UKM00003772,51.478,-0.461,25.3,23/09/2014,0.3,13.1,19.1,
UKM00003772,51.478,-0.461,25.3,24/09/2014,1.3,14.1,19,
UKM00003772,51.478,-0.461,25.3,25/09/2014,0.5,13.9,,
UKM00003772,51.478,-0.461,25.3,26/09/2014,0,17.6,22.2,15.5
UKM00003772,51.478,-0.461,25.3,27/09/2014,0,17.2,21.3,
UKM00003772,51.478,-0.461,25.3,28/09/2014,0,18.9,24.7,14.7
UKM00003772,51.478,-0.461,25.3,29/09/2014,0,15.8,19.2,
UKM00003772,51.478,-0.461,25.3,30/09/2014,0.8,17.2,,
UKM00003772,51.478,-0.461,25.3,01/10/2014,0,17.2,21.6,
UKM00003772,51.478,-0.461,25.3,02/10/2014,0.5,17.3,22.2,
UKM00003772,51.478,-0.461,25.3,03/10/2014,0,15.9,22.3,
UKM00003772,51.478,-0.461,25.3,04/10/2014,0,13,18.1,
UKM00003772,51.478,-0.461,25.3,05/10/2014,9.7,10.1,16.1,
UKM00003772,51.478,-0.461,25.3,06/10/2014,0,11.4,13.2,7.6
UKM00003772,51.478,-0.461,25.3,07/10/2014,8.9,10.7,15.5,7.7
UKM00003772,51.478,-0.461,25.3,08/10/2014,0.5,13.1,18.3,6.9
UKM00003772,51.478,-0.461,25.3,09/10/2014,1.3,13.4,18.1,
UKM00003772,51.478,-0.461,25.3,10/10/2014,3,13.3,18.6,
UKM00003772,51.478,-0.461,25.3,11/10/2014,3.3,13,17.2,
UKM00003772,51.478,-0.461,25.3,12/10/2014,0.5,10.7,,
UKM00003772,51.478,-0.461,25.3,13/10/2014,21.6,12.6,14.5,
UKM00003772,51.478,-0.461,25.3,14/10/2014,5.3,12.9,,
UKM00003772,51.478,-0.461,25.3,15/10/2014,0.5,13.4,15.5,
UKM00003772,51.478,-0.461,25.3,16/10/2014,8.9,14.6,18.1,11.6
UKM00003772,51.478,-0.461,25.3,17/10/2014,1.8,16.1,19.5,12.9
UKM00003772,51.478,-0.461,25.3,18/10/2014,0.5,17.8,19.8,16
UKM00003772,51.478,-0.461,25.3,19/10/2014,1.8,16.8,20.7,
UKM00003772,51.478,-0.461,25.3,20/10/2014,0,14.1,17.6,
UKM00003772,51.478,-0.461,25.3,21/10/2014,0.5,12.1,14.4,
UKM00003772,51.478,-0.461,25.3,22/10/2014,2.8,9.9,,
UKM00003772,51.478,-0.461,25.3,23/10/2014,0,14.1,16.3,10.7
UKM00003772,51.478,-0.461,25.3,24/10/2014,1.8,14.9,17.2,
UKM00003772,51.478,-0.461,25.3,25/10/2014,0.3,11.8,16.1,
UKM00003772,51.478,-0.461,25.3,26/10/2014,0,13.6,16,11.7
UKM00003772,51.478,-0.461,25.3,27/10/2014,0,15.1,18.8,
UKM00003772,51.478,-0.461,25.3,28/10/2014,0.3,14.6,,9.8
UKM00003772,51.478,-0.461,25.3,29/10/2014,0.5,13.3,,11.7
UKM00003772,51.478,-0.461,25.3,30/10/2014,2.3,15.5,18.3,13
UKM00003772,51.478,-0.461,25.3,31/10/2014,0.3,16.4,22.9,12.1
UKM00003772,51.478,-0.461,25.3,01/11/2014,0,15.2,18.1,
UKM00003772,51.478,-0.461,25.3,02/11/2014,0.5,13.8,15.8,
UKM00003772,51.478,-0.461,25.3,03/11/2014,15.2,9.1,,
UKM00003772,51.478,-0.461,25.3,04/11/2014,5.3,7.1,13.4,
UKM00003772,51.478,-0.461,25.3,05/11/2014,17.5,7.1,,
UKM00003772,51.478,-0.461,25.3,06/11/2014,0,7.2,12,0.5
UKM00003772,51.478,-0.461,25.3,07/11/2014,5.1,11.2,13.3,
UKM00003772,51.478,-0.461,25.3,08/11/2014,4.8,10.9,14.5,
UKM00003772,51.478,-0.461,25.3,09/11/2014,4.3,9.4,13.2,
UKM00003772,51.478,-0.461,25.3,10/11/2014,0,9.9,13.3,
UKM00003772,51.478,-0.461,25.3,11/11/2014,0,11.9,,9.4
UKM00003772,51.478,-0.461,25.3,12/11/2014,0.8,11.4,13.6,
UKM00003772,51.478,-0.461,25.3,13/11/2014,4.1,11.7,,8.1
UKM00003772,51.478,-0.461,25.3,14/11/2014,2.5,11.9,,
UKM00003772,51.478,-0.461,25.3,15/11/2014,9.9,9.7,13.2,6.4
UKM00003772,51.478,-0.461,25.3,16/11/2014,1.5,9.7,11.4,7.3
UKM00003772,51.478,-0.461,25.3,17/11/2014,6.4,8.7,,7.5
UKM00003772,51.478,-0.461,25.3,18/11/2014,1.8,9.6,13.2,
UKM00003772,51.478,-0.461,25.3,19/11/2014,0.3,9.1,,
UKM00003772,51.478,-0.461,25.3,20/11/2014,0,8.1,11.1,
UKM00003772,51.478,-0.461,25.3,21/11/2014,0,7.2,,4.2
UKM00003772,51.478,-0.461,25.3,22/11/2014,1.8,12.8,14.7,7.9
UKM00003772,51.478,-0.461,25.3,23/11/2014,13,9,,
UKM00003772,51.478,-0.461,25.3,24/11/2014,14.5,3.9,8.7,1
UKM00003772,51.478,-0.461,25.3,25/11/2014,0.5,5.6,9.1,-0.2
UKM00003772,51.478,-0.461,25.3,26/11/2014,9.1,8.8,,7.8
UKM00003772,51.478,-0.461,25.3,27/11/2014,8.4,9.4,11,
UKM00003772,51.478,-0.461,25.3,28/11/2014,0,10.8,12.5,8.4
UKM00003772,51.478,-0.461,25.3,29/11/2014,0.5,10.6,13.5,
UKM00003772,51.478,-0.461,25.3,30/11/2014,0.3,8.8,12.2,
UKM00003772,51.478,-0.461,25.3,01/12/2014,0,7.4,,
UKM00003772,51.478,-0.461,25.3,02/12/2014,0,7.2,8.1,
UKM00003772,51.478,-0.461,25.3,03/12/2014,1,6.1,8.4,
UKM00003772,51.478,-0.461,25.3,04/12/2014,0.5,4.4,,
UKM00003772,51.478,-0.461,25.3,05/12/2014,4.3,4.4,7.2,
UKM00003772,51.478,-0.461,25.3,06/12/2014,0,2.7,6.2,
UKM00003772,51.478,-0.461,25.3,07/12/2014,0.3,6.7,,
UKM00003772,51.478,-0.461,25.3,08/12/2014,0.5,4.3,7.3,
UKM00003772,51.478,-0.461,25.3,09/12/2014,0,4.9,,-0.5
UKM00003772,51.478,-0.461,25.3,10/12/2014,1.5,7.9,,
UKM00003772,51.478,-0.461,25.3,11/12/2014,0,7.6,,5.4
UKM00003772,51.478,-0.461,25.3,12/12/2014,8.6,7.4,,
UKM00003772,51.478,-0.461,25.3,13/12/2014,1.5,2.8,,
UKM00003772,51.478,-0.461,25.3,14/12/2014,0,5.5,10.1,-0.8
UKM00003772,51.478,-0.461,25.3,15/12/2014,1,7,,
UKM00003772,51.478,-0.461,25.3,16/12/2014,0.3,4.3,7.8,0.4
UKM00003772,51.478,-0.461,25.3,17/12/2014,7.9,11.2,13.1,4.9
UKM00003772,51.478,-0.461,25.3,18/12/2014,0.3,13.1,,11.5
UKM00003772,51.478,-0.461,25.3,19/12/2014,0.3,9.6,,
UKM00003772,51.478,-0.461,25.3,20/12/2014,0.5,6.8,,4.2
UKM00003772,51.478,-0.461,25.3,21/12/2014,0,8.7,,3.8
UKM00003772,51.478,-0.461,25.3,22/12/2014,0,12.6,13.6,10.3
UKM00003772,51.478,-0.461,25.3,23/12/2014,0,11.6,13,10.5
UKM00003772,51.478,-0.461,25.3,24/12/2014,0,8.8,,
UKM00003772,51.478,-0.461,25.3,25/12/2014,0.3,5.1,8.7,
UKM00003772,51.478,-0.461,25.3,26/12/2014,0,3.5,,-0.4
UKM00003772,51.478,-0.461,25.3,27/12/2014,8.9,3.7,,
UKM00003772,51.478,-0.461,25.3,28/12/2014,0,2.3,6.2,
UKM00003772,51.478,-0.461,25.3,29/12/2014,0,1.1,,-3.5
UKM00003772,51.478,-0.461,25.3,30/12/2014,0.3,0.7,5.7,-4.1
UKM00003772,51.478,-0.461,25.3,31/12/2014,0.3,2.7,7.8,-4.1
UKM00003772,51.478,-0.461,25.3,01/01/2015,0.3,8.7,,4.7
UKM00003772,51.478,-0.461,25.3,02/01/2015,1,8.6,,
UKM00003772,51.478,-0.461,25.3,03/01/2015,3.8,4.7,6.2,
UKM00003772,51.478,-0.461,25.3,04/01/2015,7.1,1.5,,-1.4
UKM00003772,51.478,-0.461,25.3,05/01/2015,0,6.8,10,2.3
UKM00003772,51.478,-0.461,25.3,06/01/2015,0.3,7.2,10.4,
UKM00003772,51.478,-0.461,25.3,07/01/2015,1,5.9,,0.7
UKM00003772,51.478,-0.461,25.3,08/01/2015,1,9.1,,
UKM00003772,51.478,-0.461,25.3,09/01/2015,12.4,12.1,,6.5
UKM00003772,51.478,-0.461,25.3,10/01/2015,0,10,,
UKM00003772,51.478,-0.461,25.3,11/01/2015,0.8,6.1,9,2.7
UKM00003772,51.478,-0.461,25.3,12/01/2015,0.5,10.3,12.2,7.1
UKM00003772,51.478,-0.461,25.3,13/01/2015,13.7,7.8,,
UKM00003772,51.478,-0.461,25.3,14/01/2015,2,5.3,,
UKM00003772,51.478,-0.461,25.3,15/01/2015,7.9,8.1,,
UKM00003772,51.478,-0.461,25.3,16/01/2015,0.5,4.8,7.6,
UKM00003772,51.478,-0.461,25.3,17/01/2015,0.3,2.4,7.3,-2.8
UKM00003772,51.478,-0.461,25.3,18/01/2015,1,3.1,,
UKM00003772,51.478,-0.461,25.3,19/01/2015,0.3,2.1,5,
UKM00003772,51.478,-0.461,25.3,20/01/2015,0,1.1,5,-6.7
UKM00003772,51.478,-0.461,25.3,21/01/2015,0.5,3.3,,
UKM00003772,51.478,-0.461,25.3,22/01/2015,0.3,1.4,4.3,
UKM00003772,51.478,-0.461,25.3,23/01/2015,0,0.9,,-8.2
UKM00003772,51.478,-0.461,25.3,24/01/2015,2.8,5.1,,
UKM00003772,51.478,-0.461,25.3,25/01/2015,0,4.4,8.4,-1.2
UKM00003772,51.478,-0.461,25.3,26/01/2015,0.3,8.3,,
UKM00003772,51.478,-0.461,25.3,27/01/2015,0.3,5.8,9.2,
UKM00003772,51.478,-0.461,25.3,28/01/2015,0,6.7,,
UKM00003772,51.478,-0.461,25.3,29/01/2015,1,2.9,7.4,
UKM00003772,51.478,-0.461,25.3,30/01/2015,1.5,3.6,6.7,
UKM00003772,51.478,-0.461,25.3,31/01/2015,0.3,2.9,,-0.7
UKM00003772,51.478,-0.461,25.3,01/02/2015,3.3,3.6,,
UKM00003772,51.478,-0.461,25.3,02/02/2015,0,0.1,,
UKM00003772,51.478,-0.461,25.3,03/02/2015,0,1.3,4.3,-0.7
UKM00003772,51.478,-0.461,25.3,04/02/2015,0.5,2.7,,0.7
UKM00003772,51.478,-0.461,25.3,05/02/2015,0,2.4,5.1,
UKM00003772,51.478,-0.461,25.3,06/02/2015,0.3,2.4,5.4,-0.3
UKM00003772,51.478,-0.461,25.3,07/02/2015,0,2.9,5.4,
UKM00003772,51.478,-0.461,25.3,08/02/2015,0.3,4.9,,
UKM00003772,51.478,-0.461,25.3,09/02/2015,0,5.7,,0.1
UKM00003772,51.478,-0.461,25.3,10/02/2015,0,5.2,6.9,3.9
UKM00003772,51.478,-0.461,25.3,11/02/2015,0,4.9,5.4,
UKM00003772,51.478,-0.461,25.3,12/02/2015,0,3.8,4.6,
UKM00003772,51.478,-0.461,25.3,13/02/2015,0,6.2,9.2,
UKM00003772,51.478,-0.461,25.3,14/02/2015,7.1,6.6,,
UKM00003772,51.478,-0.461,25.3,15/02/2015,0.3,6.4,9.5,
UKM00003772,51.478,-0.461,25.3,16/02/2015,0.3,5.3,8.6,-0.2
UKM00003772,51.478,-0.461,25.3,17/02/2015,5.6,5.1,9.2,
UKM00003772,51.478,-0.461,25.3,18/02/2015,0,5.2,10.7,0
UKM00003772,51.478,-0.461,25.3,19/02/2015,0,6.3,8.7,
UKM00003772,51.478,-0.461,25.3,20/02/2015,6.1,6.2,7.2,
UKM00003772,51.478,-0.461,25.3,21/02/2015,0.5,4,7.8,
UKM00003772,51.478,-0.461,25.3,22/02/2015,1.5,3.4,,-2.1
UKM00003772,51.478,-0.461,25.3,23/02/2015,6.6,5.9,,
UKM00003772,51.478,-0.461,25.3,24/02/2015,1.3,6.6,,3.5
UKM00003772,51.478,-0.461,25.3,25/02/2015,1,8.5,12.3,4.6
UKM00003772,51.478,-0.461,25.3,26/02/2015,1.5,8.8,11.4,
UKM00003772,51.478,-0.461,25.3,27/02/2015,4.6,4.6,9.9,
UKM00003772,51.478,-0.461,25.3,28/02/2015,0,8.1,,4.9
UKM00003772,51.478,-0.461,25.3,01/03/2015,1.8,8.7,11.7,
UKM00003772,51.478,-0.461,25.3,02/03/2015,3.3,5.4,9,2.5
UKM00003772,51.478,-0.461,25.3,03/03/2015,0,5.7,9.9,2.7
UKM00003772,51.478,-0.461,25.3,04/03/2015,0,6.1,10.9,1.7
UKM00003772,51.478,-0.461,25.3,05/03/2015,0,5.9,12.6,-0.4
UKM00003772,51.478,-0.461,25.3,06/03/2015,0,8.4,13.2,
UKM00003772,51.478,-0.461,25.3,07/03/2015,0,9.8,16,5.9
UKM00003772,51.478,-0.461,25.3,08/03/2015,0,9.4,,
UKM00003772,51.478,-0.461,25.3,09/03/2015,0,6.9,,1.2
UKM00003772,51.478,-0.461,25.3,10/03/2015,0.3,7.8,12.5,
UKM00003772,51.478,-0.461,25.3,11/03/2015,0,8.1,13.9,2.8
UKM00003772,51.478,-0.461,25.3,12/03/2015,0,10,14.6,
UKM00003772,51.478,-0.461,25.3,13/03/2015,0,8.7,11.6,
UKM00003772,51.478,-0.461,25.3,14/03/2015,0,5.7,8.7,2.8
UKM00003772,51.478,-0.461,25.3,15/03/2015,0,5.9,7.3,4.9
UKM00003772,51.478,-0.461,25.3,16/03/2015,1.5,6.1,8.3,
UKM00003772,51.478,-0.461,25.3,17/03/2015,1.3,7.8,12.7,4
UKM00003772,51.478,-0.461,25.3,18/03/2015,0,6.8,11.4,
UKM00003772,51.478,-0.461,25.3,19/03/2015,0,6.7,,
UKM00003772,51.478,-0.461,25.3,20/03/2015,0,7.4,12.1,
UKM00003772,51.478,-0.461,25.3,21/03/2015,0,7.2,,
UKM00003772,51.478,-0.461,25.3,22/03/2015,0,5.9,9.7,
UKM00003772,51.478,-0.461,25.3,23/03/2015,0,7,12.2,0.9
UKM00003772,51.478,-0.461,25.3,24/03/2015,2.8,7,10.7,
UKM00003772,51.478,-0.461,25.3,25/03/2015,0.5,5.3,10.3,0.3
UKM00003772,51.478,-0.461,25.3,26/03/2015,3,7.7,13,3.5
UKM00003772,51.478,-0.461,25.3,27/03/2015,5.1,7.8,13.1,1.4
UKM00003772,51.478,-0.461,25.3,28/03/2015,0,11.2,14.3,6.9
UKM00003772,51.478,-0.461,25.3,29/03/2015,0,10.7,,
UKM00003772,51.478,-0.461,25.3,30/03/2015,4.8,8.7,,
UKM00003772,51.478,-0.461,25.3,31/03/2015,1.5,10.6,13.4,
UKM00003772,51.478,-0.461,25.3,01/04/2015,0,7.4,12.3,
UKM00003772,51.478,-0.461,25.3,02/04/2015,1.5,8.7,11.9,
UKM00003772,51.478,-0.461,25.3,03/04/2015,1.5,9.6,,6.8
UKM00003772,51.478,-0.461,25.3,04/04/2015,3,8.6,10,
UKM00003772,51.478,-0.461,25.3,05/04/2015,0.3,8.9,13.1,5.7
UKM00003772,51.478,-0.461,25.3,06/04/2015,0,9.5,17.4,1.8
UKM00003772,51.478,-0.461,25.3,07/04/2015,0,11.1,17.9,3.7
UKM00003772,51.478,-0.461,25.3,08/04/2015,0,12.1,18.5,
UKM00003772,51.478,-0.461,25.3,09/04/2015,0,11.4,18,
UKM00003772,51.478,-0.461,25.3,10/04/2015,0,13.3,21.3,6.2
UKM00003772,51.478,-0.461,25.3,11/04/2015,0,10.8,14.1,
UKM00003772,51.478,-0.461,25.3,12/04/2015,0.5,10.8,18.3,
UKM00003772,51.478,-0.461,25.3,13/04/2015,0,11.1,17.1,8
UKM00003772,51.478,-0.461,25.3,14/04/2015,0,13.9,22.2,5.7
UKM00003772,51.478,-0.461,25.3,15/04/2015,0.3,16.6,24.6,8.7
UKM00003772,51.478,-0.461,25.3,16/04/2015,0,11.9,17.7,
UKM00003772,51.478,-0.461,25.3,17/04/2015,0,10.8,15.6,
UKM00003772,51.478,-0.461,25.3,18/04/2015,0,9.6,15.1,
UKM00003772,51.478,-0.461,25.3,19/04/2015,0,8.2,11.9,4.8
UKM00003772,51.478,-0.461,25.3,20/04/2015,0,11,18.8,3.7
UKM00003772,51.478,-0.461,25.3,21/04/2015,0,11.8,19.1,4.6
UKM00003772,51.478,-0.461,25.3,22/04/2015,0,10.7,16.5,5.3
UKM00003772,51.478,-0.461,25.3,23/04/2015,0,11.1,,6.1
UKM00003772,51.478,-0.461,25.3,24/04/2015,,12.1,18.3,
UKM00003772,51.478,-0.461,25.3,25/04/2015,1.5,13.5,18.6,
UKM00003772,51.478,-0.461,25.3,26/04/2015,5.3,9.3,,
UKM00003772,51.478,-0.461,25.3,27/04/2015,0,8.4,13.4,
UKM00003772,51.478,-0.461,25.3,28/04/2015,0,8.6,,3.1
UKM00003772,51.478,-0.461,25.3,29/04/2015,2,9.2,14.1,
UKM00003772,51.478,-0.461,25.3,30/04/2015,0,9.8,15.9,
UKM00003772,51.478,-0.461,25.3,01/05/2015,0,8.9,13.6,5.9
UKM00003772,51.478,-0.461,25.3,02/05/2015,0,9.9,15.7,
UKM00003772,51.478,-0.461,25.3,03/05/2015,1.8,14.3,20.3,9.4
UKM00003772,51.478,-0.461,25.3,04/05/2015,1.5,13.9,,
UKM00003772,51.478,-0.461,25.3,05/05/2015,7.1,13.9,16.4,
UKM00003772,51.478,-0.461,25.3,06/05/2015,2.5,11.7,14.8,
UKM00003772,51.478,-0.461,25.3,07/05/2015,4.3,12.4,17.5,8.5
UKM00003772,51.478,-0.461,25.3,08/05/2015,0,12.4,,7.9
UKM00003772,51.478,-0.461,25.3,09/05/2015,0.3,13.7,19.3,
UKM00003772,51.478,-0.461,25.3,10/05/2015,0,14,19.4,
UKM00003772,51.478,-0.461,25.3,11/05/2015,0,15.7,21.6,
UKM00003772,51.478,-0.461,25.3,12/05/2015,0,13.4,18.2,
UKM00003772,51.478,-0.461,25.3,13/05/2015,0.3,13.3,20.1,
UKM00003772,51.478,-0.461,25.3,14/05/2015,0,9.3,,
UKM00003772,51.478,-0.461,25.3,15/05/2015,,11.1,15.6,
UKM00003772,51.478,-0.461,25.3,16/05/2015,0,14.7,18.8,
UKM00003772,51.478,-0.461,25.3,17/05/2015,0,12.2,17.7,6.4
UKM00003772,51.478,-0.461,25.3,18/05/2015,,11.6,15.8,
UKM00003772,51.478,-0.461,25.3,19/05/2015,2,9.7,14.7,
UKM00003772,51.478,-0.461,25.3,20/05/2015,0.3,10.6,16,4
UKM00003772,51.478,-0.461,25.3,21/05/2015,0,13.3,20.4,5.3
UKM00003772,51.478,-0.461,25.3,22/05/2015,0,14.3,19.6,7.4
UKM00003772,51.478,-0.461,25.3,23/05/2015,0,14.6,17.7,
UKM00003772,51.478,-0.461,25.3,24/05/2015,0,15.5,20,12
UKM00003772,51.478,-0.461,25.3,25/05/2015,0.3,13.6,16.7,8.9
UKM00003772,51.478,-0.461,25.3,26/05/2015,0,14.3,19.7,9.3
UKM00003772,51.478,-0.461,25.3,27/05/2015,0,13.7,20.3,
UKM00003772,51.478,-0.461,25.3,28/05/2015,0,14.1,18.1,
UKM00003772,51.478,-0.461,25.3,29/05/2015,0,11.2,14.6,
UKM00003772,51.478,-0.461,25.3,30/05/2015,2.5,12.4,18.6,6.6
UKM00003772,51.478,-0.461,25.3,31/05/2015,2.5,12.9,16.3,
UKM00003772,51.478,-0.461,25.3,01/06/2015,0.5,11.6,16.5,7.6
UKM00003772,51.478,-0.461,25.3,02/06/2015,0.5,14.8,20.1,10.7
UKM00003772,51.478,-0.461,25.3,03/06/2015,0,14.9,20.4,
UKM00003772,51.478,-0.461,25.3,04/06/2015,0,16.9,23.6,8.5
UKM00003772,51.478,-0.461,25.3,05/06/2015,0.5,17.7,24.4,
UKM00003772,51.478,-0.461,25.3,06/06/2015,0.3,14.1,20.5,
UKM00003772,51.478,-0.461,25.3,07/06/2015,0,14.6,20.4,
UKM00003772,51.478,-0.461,25.3,08/06/2015,0,13.6,18.9,
UKM00003772,51.478,-0.461,25.3,09/06/2015,0,11.7,15.7,
UKM00003772,51.478,-0.461,25.3,10/06/2015,0,13.9,19.2,9.4
UKM00003772,51.478,-0.461,25.3,11/06/2015,0,17.3,24.7,9.5
UKM00003772,51.478,-0.461,25.3,12/06/2015,0,18.9,25.4,12.9
UKM00003772,51.478,-0.461,25.3,13/06/2015,0.5,16.7,20,14.7
UKM00003772,51.478,-0.461,25.3,14/06/2015,0,14.3,18.1,
UKM00003772,51.478,-0.461,25.3,15/06/2015,0.3,14.6,20.7,
UKM00003772,51.478,-0.461,25.3,16/06/2015,0,16.8,24.5,
UKM00003772,51.478,-0.461,25.3,17/06/2015,0,18.3,26.1,11.7
UKM00003772,51.478,-0.461,25.3,18/06/2015,0,17.6,22.1,
UKM00003772,51.478,-0.461,25.3,19/06/2015,0,16.4,22.1,
UKM00003772,51.478,-0.461,25.3,20/06/2015,0,16.4,20.4,12.9
UKM00003772,51.478,-0.461,25.3,21/06/2015,2.5,16.8,21.2,
UKM00003772,51.478,-0.461,25.3,22/06/2015,5.8,14.3,18.4,10.9
UKM00003772,51.478,-0.461,25.3,23/06/2015,0.3,15.8,21.3,11.8
UKM00003772,51.478,-0.461,25.3,24/06/2015,0,17.8,24.4,12.4
UKM00003772,51.478,-0.461,25.3,25/06/2015,0,18.9,25.2,11.8
UKM00003772,51.478,-0.461,25.3,26/06/2015,0,19.3,27.7,13.5
UKM00003772,51.478,-0.461,25.3,27/06/2015,0,18.6,25.1,11.7
UKM00003772,51.478,-0.461,25.3,28/06/2015,0,17.9,21.4,
UKM00003772,51.478,-0.461,25.3,29/06/2015,1.5,19.4,25.9,13.3
UKM00003772,51.478,-0.461,25.3,30/06/2015,0,22.6,30.3,13.4
UKM00003772,51.478,-0.461,25.3,01/07/2015,0,27.9,36.7,
UKM00003772,51.478,-0.461,25.3,02/07/2015,0,20.5,26.2,
UKM00003772,51.478,-0.461,25.3,03/07/2015,0,20.2,27.2,13
UKM00003772,51.478,-0.461,25.3,04/07/2015,9.4,21.3,27.2,
UKM00003772,51.478,-0.461,25.3,05/07/2015,0,17.8,24.7,13.8
UKM00003772,51.478,-0.461,25.3,06/07/2015,0,18.2,23.7,12.4
UKM00003772,51.478,-0.461,25.3,07/07/2015,0,18.3,24.3,
UKM00003772,51.478,-0.461,25.3,08/07/2015,0.3,17.3,21.5,13.6
UKM00003772,51.478,-0.461,25.3,09/07/2015,0.5,17.4,23.1,10.9
UKM00003772,51.478,-0.461,25.3,10/07/2015,0,20.2,26.7,13
UKM00003772,51.478,-0.461,25.3,11/07/2015,0,20.2,26,14.4
UKM00003772,51.478,-0.461,25.3,12/07/2015,0.5,17.7,22.6,
UKM00003772,51.478,-0.461,25.3,13/07/2015,3.8,18.1,20.8,
UKM00003772,51.478,-0.461,25.3,14/07/2015,1.8,18.7,22.9,16.8
UKM00003772,51.478,-0.461,25.3,15/07/2015,2.3,19.1,22.5,
UKM00003772,51.478,-0.461,25.3,16/07/2015,0,19.4,25.3,14.9
UKM00003772,51.478,-0.461,25.3,17/07/2015,6.6,19.4,,14.9
UKM00003772,51.478,-0.461,25.3,18/07/2015,0.3,17.7,23.6,
UKM00003772,51.478,-0.461,25.3,19/07/2015,0.8,19.2,,13.9
UKM00003772,51.478,-0.461,25.3,20/07/2015,0,18.4,24.7,14
UKM00003772,51.478,-0.461,25.3,21/07/2015,0.3,19.6,26.5,
UKM00003772,51.478,-0.461,25.3,22/07/2015,0,18.4,23,
UKM00003772,51.478,-0.461,25.3,23/07/2015,0.5,17.2,22.4,
UKM00003772,51.478,-0.461,25.3,24/07/2015,0,14.9,17.3,
UKM00003772,51.478,-0.461,25.3,25/07/2015,37.6,16.3,21.7,11.4
UKM00003772,51.478,-0.461,25.3,26/07/2015,0,14.4,17.2,
UKM00003772,51.478,-0.461,25.3,27/07/2015,7.1,17.1,20.9,
UKM00003772,51.478,-0.461,25.3,28/07/2015,0,16.2,20.8,12.9
UKM00003772,51.478,-0.461,25.3,29/07/2015,0,14.8,20.3,9.7
UKM00003772,51.478,-0.461,25.3,30/07/2015,0.3,15.3,20.3,
UKM00003772,51.478,-0.461,25.3,31/07/2015,0,16.4,22.7,8.7
UKM00003772,51.478,-0.461,25.3,01/08/2015,0,16.3,21.5,9.4
UKM00003772,51.478,-0.461,25.3,02/08/2015,0,18.9,26.2,
UKM00003772,51.478,-0.461,25.3,03/08/2015,0,19.2,25.1,
UKM00003772,51.478,-0.461,25.3,04/08/2015,0,17.7,22.4,
UKM00003772,51.478,-0.461,25.3,05/08/2015,0,16.7,22,14.8
UKM00003772,51.478,-0.461,25.3,06/08/2015,4.3,18.7,,13.7
UKM00003772,51.478,-0.461,25.3,07/08/2015,0,19.1,24.8,12.5
UKM00003772,51.478,-0.461,25.3,08/08/2015,0,20.4,,14.5
UKM00003772,51.478,-0.461,25.3,09/08/2015,0,19.9,26.6,12.5
UKM00003772,51.478,-0.461,25.3,10/08/2015,0,19.3,22.7,
UKM00003772,51.478,-0.461,25.3,11/08/2015,0,17.5,21.3,13.9
UKM00003772,51.478,-0.461,25.3,12/08/2015,1.5,18.6,23.4,15
UKM00003772,51.478,-0.461,25.3,13/08/2015,0,18.3,20.3,
UKM00003772,51.478,-0.461,25.3,14/08/2015,7.4,17.8,21.3,
UKM00003772,51.478,-0.461,25.3,15/08/2015,1.5,16.8,20.7,
UKM00003772,51.478,-0.461,25.3,16/08/2015,0,17.6,,
UKM00003772,51.478,-0.461,25.3,17/08/2015,0,17.9,,
UKM00003772,51.478,-0.461,25.3,18/08/2015,0,16.6,19.5,
UKM00003772,51.478,-0.461,25.3,19/08/2015,0.3,16.3,,
UKM00003772,51.478,-0.461,25.3,20/08/2015,6.6,18.4,21.1,15.1
UKM00003772,51.478,-0.461,25.3,21/08/2015,0,21.1,26.5,
UKM00003772,51.478,-0.461,25.3,22/08/2015,0,22.4,30.7,15
UKM00003772,51.478,-0.461,25.3,23/08/2015,0,18.7,22,
UKM00003772,51.478,-0.461,25.3,24/08/2015,3,14.7,17,12.5
UKM00003772,51.478,-0.461,25.3,25/08/2015,13.7,15.3,19,
UKM00003772,51.478,-0.461,25.3,26/08/2015,5.3,17.2,,
UKM00003772,51.478,-0.461,25.3,27/08/2015,48,15.6,19.6,13.5
UKM00003772,51.478,-0.461,25.3,28/08/2015,3.8,16.1,21.1,
UKM00003772,51.478,-0.461,25.3,29/08/2015,0,17.3,22.3,
UKM00003772,51.478,-0.461,25.3,30/08/2015,3.3,17.4,20.8,
UKM00003772,51.478,-0.461,25.3,31/08/2015,7.1,15.1,16,
UKM00003772,51.478,-0.461,25.3,01/09/2015,10.7,15.2,19.2,
UKM00003772,51.478,-0.461,25.3,02/09/2015,0.5,13.7,19,
UKM00003772,51.478,-0.461,25.3,03/09/2015,0,12.9,16.4,
UKM00003772,51.478,-0.461,25.3,04/09/2015,0,13.6,16.6,
UKM00003772,51.478,-0.461,25.3,05/09/2015,0.5,12.7,16.3,
UKM00003772,51.478,-0.461,25.3,06/09/2015,0,13.2,19.9,5.7
UKM00003772,51.478,-0.461,25.3,07/09/2015,0,13.7,19.3,
UKM00003772,51.478,-0.461,25.3,08/09/2015,0,13.7,16.5,
UKM00003772,51.478,-0.461,25.3,09/09/2015,0,15,19.7,12.7
UKM00003772,51.478,-0.461,25.3,10/09/2015,0.5,15.9,21.2,11.8
UKM00003772,51.478,-0.461,25.3,11/09/2015,0,16.4,22.3,
UKM00003772,51.478,-0.461,25.3,12/09/2015,0.3,17.2,21.5,
UKM00003772,51.478,-0.461,25.3,13/09/2015,0.3,13.6,20,10
UKM00003772,51.478,-0.461,25.3,14/09/2015,9.9,13.9,19.8,
UKM00003772,51.478,-0.461,25.3,15/09/2015,1.3,13.6,19.9,
UKM00003772,51.478,-0.461,25.3,16/09/2015,0.5,12.9,16,10.5
UKM00003772,51.478,-0.461,25.3,17/09/2015,18.8,13.7,18.5,
UKM00003772,51.478,-0.461,25.3,18/09/2015,0.3,14.5,19.5,
UKM00003772,51.478,-0.461,25.3,19/09/2015,9.7,14.5,19.6,10.7
UKM00003772,51.478,-0.461,25.3,20/09/2015,0,14,20.2,
UKM00003772,51.478,-0.461,25.3,21/09/2015,0,13.5,,
UKM00003772,51.478,-0.461,25.3,22/09/2015,5.6,11.6,15.3,
UKM00003772,51.478,-0.461,25.3,23/09/2015,0.5,13,17.4,7.9
UKM00003772,51.478,-0.461,25.3,24/09/2015,1,14.9,18.7,
UKM00003772,51.478,-0.461,25.3,25/09/2015,1,13,17.9,8.5
UKM00003772,51.478,-0.461,25.3,26/09/2015,0,12.3,18,6.7
UKM00003772,51.478,-0.461,25.3,27/09/2015,0.3,13.1,19.3,7.8
UKM00003772,51.478,-0.461,25.3,28/09/2015,0,13.4,18.4,
UKM00003772,51.478,-0.461,25.3,29/09/2015,0,14.2,19.1,
UKM00003772,51.478,-0.461,25.3,30/09/2015,0,13.9,18.7,9.7
UKM00003772,51.478,-0.461,25.3,01/10/2015,0,13.7,18.8,
UKM00003772,51.478,-0.461,25.3,02/10/2015,0,13.1,19,
UKM00003772,51.478,-0.461,25.3,03/10/2015,0,11.8,16.7,
UKM00003772,51.478,-0.461,25.3,04/10/2015,0,12.1,18.2,
UKM00003772,51.478,-0.461,25.3,05/10/2015,0.3,15.4,17.4,12.4
UKM00003772,51.478,-0.461,25.3,06/10/2015,11.2,16.2,19.4,
UKM00003772,51.478,-0.461,25.3,07/10/2015,5.3,13.8,16,
UKM00003772,51.478,-0.461,25.3,08/10/2015,0,11.4,17.2,
UKM00003772,51.478,-0.461,25.3,09/10/2015,0.3,11.8,,6.7
UKM00003772,51.478,-0.461,25.3,10/10/2015,0,12.1,16.2,8
UKM00003772,51.478,-0.461,25.3,11/10/2015,0,12.1,15.8,
UKM00003772,51.478,-0.461,25.3,12/10/2015,0,10.8,14.3,
UKM00003772,51.478,-0.461,25.3,13/10/2015,0,9.9,13.1,
UKM00003772,51.478,-0.461,25.3,14/10/2015,0,9.6,13.6,5.6
UKM00003772,51.478,-0.461,25.3,15/10/2015,0.5,10.6,,
UKM00003772,51.478,-0.461,25.3,16/10/2015,0,11.9,13.9,10.6
UKM00003772,51.478,-0.461,25.3,17/10/2015,0,11.4,,
UKM00003772,51.478,-0.461,25.3,18/10/2015,0,12.4,15.7,10.9
UKM00003772,51.478,-0.461,25.3,19/10/2015,0.5,11.8,14.3,
UKM00003772,51.478,-0.461,25.3,20/10/2015,0,11.3,16,8
UKM00003772,51.478,-0.461,25.3,21/10/2015,1.5,12,,8.5
UKM00003772,51.478,-0.461,25.3,22/10/2015,4.3,13.2,,
UKM00003772,51.478,-0.461,25.3,23/10/2015,0.3,11.7,,
UKM00003772,51.478,-0.461,25.3,24/10/2015,0,11.5,,
UKM00003772,51.478,-0.461,25.3,25/10/2015,3.3,7,12,
UKM00003772,51.478,-0.461,25.3,26/10/2015,0.3,11.2,17.1,5.3
UKM00003772,51.478,-0.461,25.3,27/10/2015,0,13.9,,
UKM00003772,51.478,-0.461,25.3,28/10/2015,1.5,12.7,16.4,
UKM00003772,51.478,-0.461,25.3,29/10/2015,3.3,12.4,15.5,
UKM00003772,51.478,-0.461,25.3,30/10/2015,4.8,14.1,16.3,11.4
UKM00003772,51.478,-0.461,25.3,31/10/2015,2.8,12.6,18.3,
UKM00003772,51.478,-0.461,25.3,01/11/2015,0,8.7,13,6.3
UKM00003772,51.478,-0.461,25.3,02/11/2015,0.3,9.9,13.5,7.9
UKM00003772,51.478,-0.461,25.3,03/11/2015,0.3,11.4,13.3,9.5
UKM00003772,51.478,-0.461,25.3,04/11/2015,2.5,12.7,,11
UKM00003772,51.478,-0.461,25.3,05/11/2015,1,14.2,,11.8
UKM00003772,51.478,-0.461,25.3,06/11/2015,2.3,15.2,17.5,13.6
UKM00003772,51.478,-0.461,25.3,07/11/2015,2.8,14.9,17.1,
UKM00003772,51.478,-0.461,25.3,08/11/2015,7.9,13,16.3,7.3
UKM00003772,51.478,-0.461,25.3,09/11/2015,0.5,12.9,15,
UKM00003772,51.478,-0.461,25.3,10/11/2015,0,14.8,16.5,
UKM00003772,51.478,-0.461,25.3,11/11/2015,0,14.1,,
UKM00003772,51.478,-0.461,25.3,12/11/2015,0,13.2,,
UKM00003772,51.478,-0.461,25.3,13/11/2015,0.5,9.9,,
UKM00003772,51.478,-0.461,25.3,14/11/2015,1,10.4,,6.9
UKM00003772,51.478,-0.461,25.3,15/11/2015,7.1,15,16.4,
UKM00003772,51.478,-0.461,25.3,16/11/2015,0,12.9,14,
UKM00003772,51.478,-0.461,25.3,17/11/2015,2.8,13.8,16.3,11.5
UKM00003772,51.478,-0.461,25.3,18/11/2015,3.6,12.9,15.5,10.8
UKM00003772,51.478,-0.461,25.3,19/11/2015,1,10.9,,
UKM00003772,51.478,-0.461,25.3,20/11/2015,2.3,7.8,9.8,
UKM00003772,51.478,-0.461,25.3,21/11/2015,0.3,3.5,6.2,
UKM00003772,51.478,-0.461,25.3,22/11/2015,1.8,2.3,,
UKM00003772,51.478,-0.461,25.3,23/11/2015,0,3.8,7.1,-0.8
UKM00003772,51.478,-0.461,25.3,24/11/2015,3.6,8.2,10,5.6
UKM00003772,51.478,-0.461,25.3,25/11/2015,1.5,8.4,,
UKM00003772,51.478,-0.461,25.3,26/11/2015,0,9.4,,7.6
UKM00003772,51.478,-0.461,25.3,27/11/2015,0,10.8,14.1,
UKM00003772,51.478,-0.461,25.3,28/11/2015,1.3,7.1,,2.5
UKM00003772,51.478,-0.461,25.3,29/11/2015,0.5,11.2,13.3,
UKM00003772,51.478,-0.461,25.3,30/11/2015,2.3,11.5,13.4,
UKM00003772,51.478,-0.461,25.3,01/12/2015,1.5,13,14.3,9.3
UKM00003772,51.478,-0.461,25.3,02/12/2015,0,12.3,13.5,11.8
UKM00003772,51.478,-0.461,25.3,03/12/2015,0,12.5,13.1,
UKM00003772,51.478,-0.461,25.3,04/12/2015,2.3,10.1,13,5.6
UKM00003772,51.478,-0.461,25.3,05/12/2015,0,12.4,13.1,11.3
UKM00003772,51.478,-0.461,25.3,06/12/2015,0,13,14.4,
UKM00003772,51.478,-0.461,25.3,07/12/2015,0.3,12.6,14.4,
UKM00003772,51.478,-0.461,25.3,08/12/2015,1.5,11.2,13.6,
UKM00003772,51.478,-0.461,25.3,09/12/2015,1,8.2,12.2,
UKM00003772,51.478,-0.461,25.3,10/12/2015,0,11.1,12.7,
UKM00003772,51.478,-0.461,25.3,11/12/2015,4.3,9.1,11.2,
UKM00003772,51.478,-0.461,25.3,12/12/2015,0.3,9.9,,4.9
UKM00003772,51.478,-0.461,25.3,13/12/2015,1.3,8.2,,
UKM00003772,51.478,-0.461,25.3,14/12/2015,0.5,8.7,10.3,5.4
UKM00003772,51.478,-0.461,25.3,15/12/2015,0.3,11.2,,8.7
UKM00003772,51.478,-0.461,25.3,16/12/2015,5.1,13.7,15.2,11.3
UKM00003772,51.478,-0.461,25.3,17/12/2015,0,13.1,15.5,
UKM00003772,51.478,-0.461,25.3,18/12/2015,0,12.3,,11
UKM00003772,51.478,-0.461,25.3,19/12/2015,0,14.6,16.4,12.1
UKM00003772,51.478,-0.461,25.3,20/12/2015,0,12.1,,
UKM00003772,51.478,-0.461,25.3,21/12/2015,1.5,9.6,13.3,6.9
UKM00003772,51.478,-0.461,25.3,22/12/2015,2,13.3,15,9.7
UKM00003772,51.478,-0.461,25.3,23/12/2015,4.3,10.4,12.3,
UKM00003772,51.478,-0.461,25.3,24/12/2015,0,10,13.3,
UKM00003772,51.478,-0.461,25.3,25/12/2015,2,9.8,,
UKM00003772,51.478,-0.461,25.3,26/12/2015,1.8,14.4,15.2,13.3
UKM00003772,51.478,-0.461,25.3,27/12/2015,0,13.8,,
UKM00003772,51.478,-0.461,25.3,28/12/2015,0.3,10.8,13.4,
UKM00003772,51.478,-0.461,25.3,29/12/2015,1.3,10.6,12,
UKM00003772,51.478,-0.461,25.3,30/12/2015,0.3,11.9,,9.7
UKM00003772,51.478,-0.461,25.3,31/12/2015,7.1,8.7,11.5,
UKM00003772,51.478,-0.461,25.3,01/01/2016,2.3,5.1,,
UKM00003772,51.478,-0.461,25.3,02/01/2016,1.8,9.9,11.3,7.8
UKM00003772,51.478,-0.461,25.3,03/01/2016,6.6,7.8,,
UKM00003772,51.478,-0.461,25.3,04/01/2016,7.1,7.4,10.9,
UKM00003772,51.478,-0.461,25.3,05/01/2016,0.5,7.6,10.1,
UKM00003772,51.478,-0.461,25.3,06/01/2016,0.3,6.5,8.3,4.8
UKM00003772,51.478,-0.461,25.3,07/01/2016,4.6,7.3,10.8,
UKM00003772,51.478,-0.461,25.3,08/01/2016,5.6,5.6,9.5,0.5
UKM00003772,51.478,-0.461,25.3,09/01/2016,0,8.6,,
UKM00003772,51.478,-0.461,25.3,10/01/2016,10.9,6.1,9.1,
UKM00003772,51.478,-0.461,25.3,11/01/2016,11.4,6.1,7.2,
UKM00003772,51.478,-0.461,25.3,12/01/2016,0,5.5,,
UKM00003772,51.478,-0.461,25.3,13/01/2016,0.5,4.7,,
UKM00003772,51.478,-0.461,25.3,14/01/2016,3,3.9,,2
UKM00003772,51.478,-0.461,25.3,15/01/2016,0.3,2.9,,
UKM00003772,51.478,-0.461,25.3,16/01/2016,0,2.3,,
UKM00003772,51.478,-0.461,25.3,17/01/2016,1.8,2.4,,
UKM00003772,51.478,-0.461,25.3,18/01/2016,2,3.2,,
UKM00003772,51.478,-0.461,25.3,19/01/2016,0,0.7,,-2.7
UKM00003772,51.478,-0.461,25.3,20/01/2016,,0.3,,-4.5
UKM00003772,51.478,-0.461,25.3,21/01/2016,,3.1,,-2.4
UKM00003772,51.478,-0.461,25.3,22/01/2016,,7.6,,3.3
UKM00003772,51.478,-0.461,25.3,23/01/2016,,7.2,,
UKM00003772,51.478,-0.461,25.3,24/01/2016,1,12,,7.8
UKM00003772,51.478,-0.461,25.3,25/01/2016,0,11.2,,
UKM00003772,51.478,-0.461,25.3,26/01/2016,,9.1,,
UKM00003772,51.478,-0.461,25.3,27/01/2016,3,11.5,,
UKM00003772,51.478,-0.461,25.3,28/01/2016,,6.3,,
UKM00003772,51.478,-0.461,25.3,29/01/2016,,11.2,,7.5
UKM00003772,51.478,-0.461,25.3,30/01/2016,5.6,7.7,,
UKM00003772,51.478,-0.461,25.3,31/01/2016,0,9.1,,3.9
UKM00003772,51.478,-0.461,25.3,01/02/2016,1.3,12.3,,
UKM00003772,51.478,-0.461,25.3,02/02/2016,0,8.2,,
UKM00003772,51.478,-0.461,25.3,03/02/2016,0.3,5.4,,2.1
UKM00003772,51.478,-0.461,25.3,04/02/2016,0,9.7,,3.3
UKM00003772,51.478,-0.461,25.3,05/02/2016,,10.3,,
UKM00003772,51.478,-0.461,25.3,06/02/2016,1.3,10.3,,
UKM00003772,51.478,-0.461,25.3,07/02/2016,6.9,7.3,,5
UKM00003772,51.478,-0.461,25.3,08/02/2016,14.5,7.9,,
UKM00003772,51.478,-0.461,25.3,09/02/2016,1.8,5.3,,2.3
UKM00003772,51.478,-0.461,25.3,10/02/2016,0.5,5.7,,
UKM00003772,51.478,-0.461,25.3,11/02/2016,0.5,3.2,,-1.1
UKM00003772,51.478,-0.461,25.3,12/02/2016,0.3,3.7,,0.5
UKM00003772,51.478,-0.461,25.3,13/02/2016,0,3.8,,
UKM00003772,51.478,-0.461,25.3,14/02/2016,4.1,3.7,,
UKM00003772,51.478,-0.461,25.3,15/02/2016,0,2.6,,
UKM00003772,51.478,-0.461,25.3,16/02/2016,,2.5,,-3.3
UKM00003772,51.478,-0.461,25.3,17/02/2016,,4.2,,0.5
UKM00003772,51.478,-0.461,25.3,18/02/2016,8.9,4.1,,
UKM00003772,51.478,-0.461,25.3,19/02/2016,0.3,5.1,,-1.3
UKM00003772,51.478,-0.461,25.3,20/02/2016,0.3,10.8,,7.4
UKM00003772,51.478,-0.461,25.3,21/02/2016,2.3,12.8,,
UKM00003772,51.478,-0.461,25.3,22/02/2016,1.5,8.7,,
UKM00003772,51.478,-0.461,25.3,23/02/2016,0.8,5.7,,
UKM00003772,51.478,-0.461,25.3,24/02/2016,0,3.5,,-1.7
UKM00003772,51.478,-0.461,25.3,25/02/2016,,2.1,,-1.8
UKM00003772,51.478,-0.461,25.3,26/02/2016,,3.9,,0.2
UKM00003772,51.478,-0.461,25.3,27/02/2016,,4.6,,
UKM00003772,51.478,-0.461,25.3,28/02/2016,,4.8,,2.6
UKM00003772,51.478,-0.461,25.3,29/02/2016,,4.8,,
UKM00003772,51.478,-0.461,25.3,01/03/2016,0.3,8.8,,
UKM00003772,51.478,-0.461,25.3,02/03/2016,6.4,5.6,,
UKM00003772,51.478,-0.461,25.3,03/03/2016,4.1,6.3,,
UKM00003772,51.478,-0.461,25.3,04/03/2016,2.3,5.1,,
UKM00003772,51.478,-0.461,25.3,05/03/2016,0,3,,
UKM00003772,51.478,-0.461,25.3,06/03/2016,0.5,3.8,,
UKM00003772,51.478,-0.461,25.3,07/03/2016,0,4.2,,
UKM00003772,51.478,-0.461,25.3,08/03/2016,,3.8,,
UKM00003772,51.478,-0.461,25.3,09/03/2016,11.7,7.9,,
UKM00003772,51.478,-0.461,25.3,10/03/2016,9.4,6.5,,
UKM00003772,51.478,-0.461,25.3,11/03/2016,0.3,4.9,,-0.2
UKM00003772,51.478,-0.461,25.3,12/03/2016,0,6.2,,2.8
UKM00003772,51.478,-0.461,25.3,13/03/2016,,5.9,,3
UKM00003772,51.478,-0.461,25.3,14/03/2016,,6.7,,
UKM00003772,51.478,-0.461,25.3,15/03/2016,,6.1,,2
UKM00003772,51.478,-0.461,25.3,16/03/2016,,7.3,,
UKM00003772,51.478,-0.461,25.3,17/03/2016,,6.6,,
UKM00003772,51.478,-0.461,25.3,18/03/2016,,5.1,,1.5
UKM00003772,51.478,-0.461,25.3,19/03/2016,,6.8,,
UKM00003772,51.478,-0.461,25.3,20/03/2016,,7.4,,
UKM00003772,51.478,-0.461,25.3,21/03/2016,,8.7,,
UKM00003772,51.478,-0.461,25.3,22/03/2016,,7.6,,
UKM00003772,51.478,-0.461,25.3,23/03/2016,,8.6,,
UKM00003772,51.478,-0.461,25.3,24/03/2016,,8.1,,5
UKM00003772,51.478,-0.461,25.3,25/03/2016,7.9,10.4,,
UKM00003772,51.478,-0.461,25.3,26/03/2016,0,9.4,,5.8
UKM00003772,51.478,-0.461,25.3,27/03/2016,4.3,7.9,,5.5
UKM00003772,51.478,-0.461,25.3,28/03/2016,17.8,8.2,,
UKM00003772,51.478,-0.461,25.3,29/03/2016,3.3,7.7,,4.4
UKM00003772,51.478,-0.461,25.3,30/03/2016,5.1,8.4,,4.6
UKM00003772,51.478,-0.461,25.3,31/03/2016,0,8.4,,4.5
UKM00003772,51.478,-0.461,25.3,01/04/2016,,7.7,,0.9
UKM00003772,51.478,-0.461,25.3,02/04/2016,,10.2,,
UKM00003772,51.478,-0.461,25.3,03/04/2016,3.3,11,,
UKM00003772,51.478,-0.461,25.3,04/04/2016,0.5,10.4,,8.8
UKM00003772,51.478,-0.461,25.3,05/04/2016,0.3,10.6,,7
UKM00003772,51.478,-0.461,25.3,06/04/2016,0,8.7,,5.4
UKM00003772,51.478,-0.461,25.3,07/04/2016,1,7,,
UKM00003772,51.478,-0.461,25.3,08/04/2016,6.6,8.7,,
UKM00003772,51.478,-0.461,25.3,09/04/2016,0.5,7.9,,
UKM00003772,51.478,-0.461,25.3,10/04/2016,1.5,7.7,,
UKM00003772,51.478,-0.461,25.3,11/04/2016,1.3,11.4,,8.8
UKM00003772,51.478,-0.461,25.3,12/04/2016,3,11.7,,
UKM00003772,51.478,-0.461,25.3,13/04/2016,0,11.3,,3.8
UKM00003772,51.478,-0.461,25.3,14/04/2016,0.5,11.9,,7.8
UKM00003772,51.478,-0.461,25.3,15/04/2016,2.5,10,,
UKM00003772,51.478,-0.461,25.3,16/04/2016,16.5,6.3,,
UKM00003772,51.478,-0.461,25.3,17/04/2016,0.3,6.7,,0.3
UKM00003772,51.478,-0.461,25.3,18/04/2016,0,8.6,,
UKM00003772,51.478,-0.461,25.3,19/04/2016,,11.4,,
UKM00003772,51.478,-0.461,25.3,20/04/2016,,9.3,,
UKM00003772,51.478,-0.461,25.3,21/04/2016,,10.6,,5.9
UKM00003772,51.478,-0.461,25.3,22/04/2016,,8.7,,
UKM00003772,51.478,-0.461,25.3,23/04/2016,5.8,7.3,,
UKM00003772,51.478,-0.461,25.3,24/04/2016,0,7.2,,
UKM00003772,51.478,-0.461,25.3,25/04/2016,0.3,7.8,,
UKM00003772,51.478,-0.461,25.3,26/04/2016,0.8,5.7,,
UKM00003772,51.478,-0.461,25.3,27/04/2016,0.3,6.2,,
UKM00003772,51.478,-0.461,25.3,28/04/2016,0,7.1,,
UKM00003772,51.478,-0.461,25.3,29/04/2016,1.5,7.9,,4.7
UKM00003772,51.478,-0.461,25.3,30/04/2016,1.3,7.7,,1.4
UKM00003772,51.478,-0.461,25.3,01/05/2016,0.3,9.7,,
UKM00003772,51.478,-0.461,25.3,02/05/2016,0,12.2,,
UKM00003772,51.478,-0.461,25.3,03/05/2016,0.5,10.5,,4.2
UKM00003772,51.478,-0.461,25.3,04/05/2016,0,11.9,,3.9
UKM00003772,51.478,-0.461,25.3,05/05/2016,,13.8,,5.9
UKM00003772,51.478,-0.461,25.3,06/05/2016,,16.1,,
UKM00003772,51.478,-0.461,25.3,07/05/2016,,17.8,,
UKM00003772,51.478,-0.461,25.3,08/05/2016,,20.2,,
UKM00003772,51.478,-0.461,25.3,09/05/2016,,18.6,,14.5
UKM00003772,51.478,-0.461,25.3,10/05/2016,2.5,15.9,,
UKM00003772,51.478,-0.461,25.3,11/05/2016,27.7,16.1,,14.7
UKM00003772,51.478,-0.461,25.3,12/05/2016,5.6,17.1,,11.9
UKM00003772,51.478,-0.461,25.3,13/05/2016,0,12.6,,
UKM00003772,51.478,-0.461,25.3,14/05/2016,,10.2,,
UKM00003772,51.478,-0.461,25.3,15/05/2016,,11.8,,
UKM00003772,51.478,-0.461,25.3,16/05/2016,,13.3,,
UKM00003772,51.478,-0.461,25.3,17/05/2016,,12.9,,7.9
UKM00003772,51.478,-0.461,25.3,18/05/2016,,12.1,,
UKM00003772,51.478,-0.461,25.3,19/05/2016,,13.3,,9.9
UKM00003772,51.478,-0.461,25.3,20/05/2016,,15.1,,
UKM00003772,51.478,-0.461,25.3,21/05/2016,,14.7,,12.6
UKM00003772,51.478,-0.461,25.3,22/05/2016,,14.1,,11
UKM00003772,51.478,-0.461,25.3,23/05/2016,,13.9,,
UKM00003772,51.478,-0.461,25.3,24/05/2016,,12.4,,
UKM00003772,51.478,-0.461,25.3,25/05/2016,,10.6,,9
UKM00003772,51.478,-0.461,25.3,26/05/2016,,14.2,,
UKM00003772,51.478,-0.461,25.3,27/05/2016,,15.6,,11
UKM00003772,51.478,-0.461,25.3,28/05/2016,,15.2,,
UKM00003772,51.478,-0.461,25.3,29/05/2016,,13.8,,
UKM00003772,51.478,-0.461,25.3,30/05/2016,,14.1,,11.9
UKM00003772,51.478,-0.461,25.3,31/05/2016,,12,,
UKM00003772,51.478,-0.461,25.3,01/06/2016,,12.7,,
UKM00003772,51.478,-0.461,25.3,02/06/2016,,11.2,,
UKM00003772,51.478,-0.461,25.3,03/06/2016,,11.3,,9
UKM00003772,51.478,-0.461,25.3,04/06/2016,,15.5,,12
UKM00003772,51.478,-0.461,25.3,05/06/2016,,17.2,,11.7
UKM00003772,51.478,-0.461,25.3,06/06/2016,,18,,
UKM00003772,51.478,-0.461,25.3,07/06/2016,,18.6,,12.7
UKM00003772,51.478,-0.461,25.3,08/06/2016,11.7,18.6,,
UKM00003772,51.478,-0.461,25.3,09/06/2016,1.3,17.1,,
UKM00003772,51.478,-0.461,25.3,10/06/2016,0.3,18,,13.6
UKM00003772,51.478,-0.461,25.3,11/06/2016,0,18.5,,
UKM00003772,51.478,-0.461,25.3,12/06/2016,,16.4,,
UKM00003772,51.478,-0.461,25.3,13/06/2016,,16.2,,
UKM00003772,51.478,-0.461,25.3,14/06/2016,3.8,15.4,,
UKM00003772,51.478,-0.461,25.3,15/06/2016,,15.1,,11.9
UKM00003772,51.478,-0.461,25.3,16/06/2016,,14.7,,12.5
UKM00003772,51.478,-0.461,25.3,17/06/2016,14.7,15.4,,12.8
UKM00003772,51.478,-0.461,25.3,18/06/2016,3,14.4,,12
UKM00003772,51.478,-0.461,25.3,19/06/2016,0,15.8,,
UKM00003772,51.478,-0.461,25.3,20/06/2016,2.3,17.3,,
UKM00003772,51.478,-0.461,25.3,21/06/2016,10.7,17.4,,14
UKM00003772,51.478,-0.461,25.3,22/06/2016,0,18.2,,
UKM00003772,51.478,-0.461,25.3,23/06/2016,20.3,19.2,,
UKM00003772,51.478,-0.461,25.3,24/06/2016,7.1,16.9,,11.3
UKM00003772,51.478,-0.461,25.3,25/06/2016,0,15.6,,11.8
UKM00003772,51.478,-0.461,25.3,26/06/2016,1.5,15.6,,11.9
UKM00003772,51.478,-0.461,25.3,27/06/2016,1.3,17.7,,14.3
UKM00003772,51.478,-0.461,25.3,28/06/2016,0,15.4,,10.8
UKM00003772,51.478,-0.461,25.3,29/06/2016,2,14.3,,10.9
UKM00003772,51.478,-0.461,25.3,30/06/2016,2.3,16.8,,
UKM00003772,51.478,-0.461,25.3,01/07/2016,0,15.9,,
UKM00003772,51.478,-0.461,25.3,02/07/2016,1.5,15.1,,10.5
UKM00003772,51.478,-0.461,25.3,03/07/2016,0.3,15.9,,10.2
UKM00003772,51.478,-0.461,25.3,04/07/2016,0,16.6,,11
UKM00003772,51.478,-0.461,25.3,05/07/2016,,17.3,,14.7
UKM00003772,51.478,-0.461,25.3,06/07/2016,,16.8,,10.5
UKM00003772,51.478,-0.461,25.3,07/07/2016,,18.6,,14.5
UKM00003772,51.478,-0.461,25.3,08/07/2016,,18.6,,14.9
UKM00003772,51.478,-0.461,25.3,09/07/2016,,19.1,,15
UKM00003772,51.478,-0.461,25.3,10/07/2016,,18.8,,
UKM00003772,51.478,-0.461,25.3,11/07/2016,0.3,17.4,,
UKM00003772,51.478,-0.461,25.3,12/07/2016,1,15.2,,12.4
UKM00003772,51.478,-0.461,25.3,13/07/2016,5.3,14.9,20,
UKM00003772,51.478,-0.461,25.3,14/07/2016,2,16.3,,
UKM00003772,51.478,-0.461,25.3,15/07/2016,0,16.3,,10.7
UKM00003772,51.478,-0.461,25.3,16/07/2016,,20.9,,17
UKM00003772,51.478,-0.461,25.3,17/07/2016,,21.8,,17.7
UKM00003772,51.478,-0.461,25.3,18/07/2016,,22.4,,15.6
UKM00003772,51.478,-0.461,25.3,19/07/2016,,25.4,,
UKM00003772,51.478,-0.461,25.3,20/07/2016,,24.2,,
UKM00003772,51.478,-0.461,25.3,21/07/2016,,19.6,,14
UKM00003772,51.478,-0.461,25.3,22/07/2016,0.5,20.3,,
UKM00003772,51.478,-0.461,25.3,23/07/2016,0.5,21.9,,14.9
UKM00003772,51.478,-0.461,25.3,24/07/2016,0,19.5,,14.7
UKM00003772,51.478,-0.461,25.3,25/07/2016,0.3,19.3,,14
UKM00003772,51.478,-0.461,25.3,26/07/2016,0,18.5,,
UKM00003772,51.478,-0.461,25.3,27/07/2016,,19.9,,16.9
UKM00003772,51.478,-0.461,25.3,28/07/2016,,18.3,,14.7
UKM00003772,51.478,-0.461,25.3,29/07/2016,,19.1,,
UKM00003772,51.478,-0.461,25.3,30/07/2016,,18.6,,
UKM00003772,51.478,-0.461,25.3,31/07/2016,,18.1,,
UKM00003772,51.478,-0.461,25.3,01/08/2016,,15.3,,
UKM00003772,51.478,-0.461,25.3,02/08/2016,13,18.5,,
UKM00003772,51.478,-0.461,25.3,03/08/2016,0.3,20.1,,
UKM00003772,51.478,-0.461,25.3,04/08/2016,0,18.3,,
UKM00003772,51.478,-0.461,25.3,05/08/2016,,18.5,,12.8
UKM00003772,51.478,-0.461,25.3,06/08/2016,,19.2,,12.7
UKM00003772,51.478,-0.461,25.3,07/08/2016,,20.9,,
UKM00003772,51.478,-0.461,25.3,08/08/2016,,17.8,,
UKM00003772,51.478,-0.461,25.3,09/08/2016,,15.7,,
UKM00003772,51.478,-0.461,25.3,10/08/2016,,15.6,,10.7
UKM00003772,51.478,-0.461,25.3,11/08/2016,,18.5,,14.9
UKM00003772,51.478,-0.461,25.3,12/08/2016,,19.8,,13.8
UKM00003772,51.478,-0.461,25.3,13/08/2016,,19.5,,14.5
UKM00003772,51.478,-0.461,25.3,14/08/2016,,19,,
UKM00003772,51.478,-0.461,25.3,15/08/2016,,18.1,,
UKM00003772,51.478,-0.461,25.3,16/08/2016,,18.1,,
UKM00003772,51.478,-0.461,25.3,17/08/2016,,19.4,,
UKM00003772,51.478,-0.461,25.3,18/08/2016,,19.9,,15.7
UKM00003772,51.478,-0.461,25.3,19/08/2016,,17.4,,
UKM00003772,51.478,-0.461,25.3,20/08/2016,0.5,17.1,,14.3
UKM00003772,51.478,-0.461,25.3,21/08/2016,0.8,17.8,,14.7
UKM00003772,51.478,-0.461,25.3,22/08/2016,,19.7,,16
UKM00003772,51.478,-0.461,25.3,23/08/2016,,22.1,,12.9
UKM00003772,51.478,-0.461,25.3,24/08/2016,,24.7,,17.9
UKM00003772,51.478,-0.461,25.3,25/08/2016,2.5,22.8,,18.8
UKM00003772,51.478,-0.461,25.3,26/08/2016,0,21.7,,
UKM00003772,51.478,-0.461,25.3,27/08/2016,,20.9,,15.9
UKM00003772,51.478,-0.461,25.3,28/08/2016,,18.7,,16.6
UKM00003772,51.478,-0.461,25.3,29/08/2016,,19.3,,
UKM00003772,51.478,-0.461,25.3,30/08/2016,,19.5,,13
UKM00003772,51.478,-0.461,25.3,31/08/2016,,18.1,,12.7
UKM00003772,51.478,-0.461,25.3,01/09/2016,,17.8,,
UKM00003772,51.478,-0.461,25.3,02/09/2016,,16.9,,13.9
UKM00003772,51.478,-0.461,25.3,03/09/2016,0.3,16.4,,
UKM00003772,51.478,-0.461,25.3,04/09/2016,4.8,17.7,,8.8
UKM00003772,51.478,-0.461,25.3,05/09/2016,2.3,18.1,,
UKM00003772,51.478,-0.461,25.3,06/09/2016,0.8,21.2,,
UKM00003772,51.478,-0.461,25.3,07/09/2016,0,21.7,,
UKM00003772,51.478,-0.461,25.3,08/09/2016,,19,,15
UKM00003772,51.478,-0.461,25.3,09/09/2016,,19.1,,
UKM00003772,51.478,-0.461,25.3,10/09/2016,,17.8,,
UKM00003772,51.478,-0.461,25.3,11/09/2016,,14.9,,8.7
UKM00003772,51.478,-0.461,25.3,12/09/2016,,18.5,,10.6
UKM00003772,51.478,-0.461,25.3,13/09/2016,,23.7,,
UKM00003772,51.478,-0.461,25.3,14/09/2016,,22.6,,
UKM00003772,51.478,-0.461,25.3,15/09/2016,,20.8,,
UKM00003772,51.478,-0.461,25.3,16/09/2016,13.2,16.2,,
UKM00003772,51.478,-0.461,25.3,17/09/2016,8.9,14.5,,12.9
UKM00003772,51.478,-0.461,25.3,18/09/2016,0,16.8,,
UKM00003772,51.478,-0.461,25.3,19/09/2016,,15.9,,13
UKM00003772,51.478,-0.461,25.3,20/09/2016,,16.2,,
UKM00003772,51.478,-0.461,25.3,21/09/2016,,17.3,,14.9
UKM00003772,51.478,-0.461,25.3,22/09/2016,,16.3,,
UKM00003772,51.478,-0.461,25.3,23/09/2016,,14.3,,8.9
UKM00003772,51.478,-0.461,25.3,24/09/2016,,17.6,,9.8
UKM00003772,51.478,-0.461,25.3,25/09/2016,1.5,16.5,,
UKM00003772,51.478,-0.461,25.3,26/09/2016,0,13.8,,9.6
UKM00003772,51.478,-0.461,25.3,27/09/2016,0.8,15.8,,9.1
UKM00003772,51.478,-0.461,25.3,28/09/2016,0,16.7,,
UKM00003772,51.478,-0.461,25.3,29/09/2016,,16.4,,
UKM00003772,51.478,-0.461,25.3,30/09/2016,,13.8,,
UKM00003772,51.478,-0.461,25.3,01/10/2016,1.5,11.5,,
UKM00003772,51.478,-0.461,25.3,02/10/2016,4.3,11.7,,
UKM00003772,51.478,-0.461,25.3,03/10/2016,0,11.5,,
UKM00003772,51.478,-0.461,25.3,04/10/2016,,13.8,,
UKM00003772,51.478,-0.461,25.3,05/10/2016,,13.4,,
UKM00003772,51.478,-0.461,25.3,06/10/2016,,11.8,,
UKM00003772,51.478,-0.461,25.3,07/10/2016,,12.9,,11.3
UKM00003772,51.478,-0.461,25.3,08/10/2016,,13.1,,
UKM00003772,51.478,-0.461,25.3,09/10/2016,,11.3,,
UKM00003772,51.478,-0.461,25.3,10/10/2016,,9.6,,
UKM00003772,51.478,-0.461,25.3,11/10/2016,,10.2,,4.9
UKM00003772,51.478,-0.461,25.3,12/10/2016,0.3,11.8,,
UKM00003772,51.478,-0.461,25.3,13/10/2016,5.1,10.8,,
UKM00003772,51.478,-0.461,25.3,14/10/2016,0,11.6,,
UKM00003772,51.478,-0.461,25.3,15/10/2016,,12.3,,8.7
UKM00003772,51.478,-0.461,25.3,16/10/2016,6.1,12.8,,7.3
UKM00003772,51.478,-0.461,25.3,17/10/2016,2.8,12.4,,9.7
UKM00003772,51.478,-0.461,25.3,18/10/2016,,10.8,,
UKM00003772,51.478,-0.461,25.3,19/10/2016,,11.1,,
UKM00003772,51.478,-0.461,25.3,20/10/2016,,10.9,,
UKM00003772,51.478,-0.461,25.3,21/10/2016,,10.4,,
UKM00003772,51.478,-0.461,25.3,22/10/2016,,9.1,,5
UKM00003772,51.478,-0.461,25.3,23/10/2016,,9.6,,
UKM00003772,51.478,-0.461,25.3,24/10/2016,,11.1,,
UKM00003772,51.478,-0.461,25.3,25/10/2016,,11,,
UKM00003772,51.478,-0.461,25.3,26/10/2016,,12.1,,
UKM00003772,51.478,-0.461,25.3,27/10/2016,,11.6,,7.8
UKM00003772,51.478,-0.461,25.3,28/10/2016,,13.8,,
UKM00003772,51.478,-0.461,25.3,29/10/2016,,13.2,,
UKM00003772,51.478,-0.461,25.3,30/10/2016,,10.4,,8
UKM00003772,51.478,-0.461,25.3,31/10/2016,0.3,12.6,,
UKM00003772,51.478,-0.461,25.3,01/11/2016,0,9.1,,
UKM00003772,51.478,-0.461,25.3,02/11/2016,,6.3,,
UKM00003772,51.478,-0.461,25.3,03/11/2016,,6.4,,1.7
UKM00003772,51.478,-0.461,25.3,04/11/2016,0.5,8.2,,
UKM00003772,51.478,-0.461,25.3,05/11/2016,5.6,5.3,,1.8
UKM00003772,51.478,-0.461,25.3,06/11/2016,0,4.4,,
UKM00003772,51.478,-0.461,25.3,07/11/2016,1.5,5.8,,
UKM00003772,51.478,-0.461,25.3,08/11/2016,0,3.1,,
UKM00003772,51.478,-0.461,25.3,09/11/2016,16.8,6.3,,
UKM00003772,51.478,-0.461,25.3,10/11/2016,6.4,6.6,,
UKM00003772,51.478,-0.461,25.3,12/11/2016,,8.8,,2.7
UKM00003772,51.478,-0.461,25.3,13/11/2016,,7.9,,
UKM00003772,51.478,-0.461,25.3,14/11/2016,,9.6,,5
UKM00003772,51.478,-0.461,25.3,15/11/2016,,13.7,,
UKM00003772,51.478,-0.461,25.3,16/11/2016,0.3,12.1,,
UKM00003772,51.478,-0.461,25.3,17/11/2016,4.8,8.9,,
UKM00003772,51.478,-0.461,25.3,18/11/2016,0.8,4.9,,
UKM00003772,51.478,-0.461,25.3,19/11/2016,0,4.6,,
UKM00003772,51.478,-0.461,25.3,20/11/2016,17.3,6.9,,
UKM00003772,51.478,-0.461,25.3,21/11/2016,10.2,8.8,,
UKM00003772,51.478,-0.461,25.3,22/11/2016,11.7,9.7,,
UKM00003772,51.478,-0.461,25.3,23/11/2016,0.3,7.9,,4
UKM00003772,51.478,-0.461,25.3,24/11/2016,0,9.5,,
UKM00003772,51.478,-0.461,25.3,25/11/2016,,7.5,,
UKM00003772,51.478,-0.461,25.3,26/11/2016,,5.4,,
UKM00003772,51.478,-0.461,25.3,27/11/2016,0.3,6.9,,5
UKM00003772,51.478,-0.461,25.3,28/11/2016,0,6.3,,
UKM00003772,51.478,-0.461,25.3,29/11/2016,,1.8,,
UKM00003772,51.478,-0.461,25.3,30/11/2016,,0.2,,-4
UKM00003772,51.478,-0.461,25.3,01/12/2016,,1.7,,
UKM00003772,51.478,-0.461,25.3,02/12/2016,,5.9,,3
UKM00003772,51.478,-0.461,25.3,03/12/2016,0.3,5.7,,
UKM00003772,51.478,-0.461,25.3,04/12/2016,0,3.3,,
UKM00003772,51.478,-0.461,25.3,05/12/2016,,3,,-1.2
UKM00003772,51.478,-0.461,25.3,06/12/2016,,6.5,,1.6
UKM00003772,51.478,-0.461,25.3,07/12/2016,,10.8,,
UKM00003772,51.478,-0.461,25.3,08/12/2016,,11.5,,9.1
UKM00003772,51.478,-0.461,25.3,09/12/2016,,12,,
UKM00003772,51.478,-0.461,25.3,10/12/2016,,11.6,,
UKM00003772,51.478,-0.461,25.3,11/12/2016,4.3,6.6,,
UKM00003772,51.478,-0.461,25.3,12/12/2016,0,7.2,,2
UKM00003772,51.478,-0.461,25.3,13/12/2016,1,10.5,,
UKM00003772,51.478,-0.461,25.3,14/12/2016,0.3,9.3,,
UKM00003772,51.478,-0.461,25.3,15/12/2016,0,8.7,,4.5
UKM00003772,51.478,-0.461,25.3,16/12/2016,,9.6,,
UKM00003772,51.478,-0.461,25.3,17/12/2016,,6.3,,3.8
UKM00003772,51.478,-0.461,25.3,18/12/2016,,6.7,,
UKM00003772,51.478,-0.461,25.3,19/12/2016,,5.6,,
UKM00003772,51.478,-0.461,25.3,20/12/2016,,5.3,,
UKM00003772,51.478,-0.461,25.3,21/12/2016,,9.2,,4
UKM00003772,51.478,-0.461,25.3,22/12/2016,,6.3,,
UKM00003772,51.478,-0.461,25.3,23/12/2016,,8.5,,3.4
UKM00003772,51.478,-0.461,25.3,24/12/2016,1.5,8.4,,5
UKM00003772,51.478,-0.461,25.3,25/12/2016,0,11.8,,9.1
UKM00003772,51.478,-0.461,25.3,26/12/2016,1,7.3,,
UKM00003772,51.478,-0.461,25.3,27/12/2016,0,2.4,,
UKM00003772,51.478,-0.461,25.3,28/12/2016,,2.2,,-2.2
UKM00003772,51.478,-0.461,25.3,29/12/2016,,2.2,,-3.5
UKM00003772,51.478,-0.461,25.3,30/12/2016,,1.3,,-1.1
UKM00003772,51.478,-0.461,25.3,31/12/2016,,6,,2.2
UKM00003772,51.478,-0.461,25.3,02/01/2017,6.6,2.9,,
UKM00003772,51.478,-0.461,25.3,03/01/2017,0,1.7,,-2.9
UKM00003772,51.478,-0.461,25.3,04/01/2017,0.3,4.7,,
UKM00003772,51.478,-0.461,25.3,05/01/2017,0,1.6,,-2.3
UKM00003772,51.478,-0.461,25.3,06/01/2017,,2.4,,-3.2
UKM00003772,51.478,-0.461,25.3,07/01/2017,6.1,9.2,,4.6
UKM00003772,51.478,-0.461,25.3,08/01/2017,0.3,8.7,,7.5
UKM00003772,51.478,-0.461,25.3,09/01/2017,1.5,8,,
UKM00003772,51.478,-0.461,25.3,10/01/2017,3,6.4,,2.1
UKM00003772,51.478,-0.461,25.3,11/01/2017,0,8.4,,
UKM00003772,51.478,-0.461,25.3,12/01/2017,,4.7,,
UKM00003772,51.478,-0.461,25.3,13/01/2017,2.3,2.8,,
UKM00003772,51.478,-0.461,25.3,14/01/2017,,2.7,,-0.5
UKM00003772,51.478,-0.461,25.3,15/01/2017,2.3,5.6,,
UKM00003772,51.478,-0.461,25.3,16/01/2017,5.3,5.6,,
UKM00003772,51.478,-0.461,25.3,17/01/2017,3.6,2.6,,
UKM00003772,51.478,-0.461,25.3,18/01/2017,0,0.9,,-3.3
UKM00003772,51.478,-0.461,25.3,19/01/2017,,1.8,,-3
UKM00003772,51.478,-0.461,25.3,20/01/2017,,1.8,,
UKM00003772,51.478,-0.461,25.3,21/01/2017,,0.4,,
UKM00003772,51.478,-0.461,25.3,22/01/2017,,0,,-4.2
UKM00003772,51.478,-0.461,25.3,23/01/2017,,0.4,,-4.2
UKM00003772,51.478,-0.461,25.3,24/01/2017,,3.1,,
UKM00003772,51.478,-0.461,25.3,25/01/2017,,1,,
UKM00003772,51.478,-0.461,25.3,26/01/2017,,-0.6,,
UKM00003772,51.478,-0.461,25.3,27/01/2017,0,3.2,,-2.4
UKM00003772,51.478,-0.461,25.3,28/01/2017,,7.1,,
UKM00003772,51.478,-0.461,25.3,29/01/2017,1,5.9,,1.8
UKM00003772,51.478,-0.461,25.3,30/01/2017,10.4,7.7,,
UKM00003772,51.478,-0.461,25.3,31/01/2017,0.8,7.2,,
UKM00003772,51.478,-0.461,25.3,01/02/2017,3,10.2,,8.3
UKM00003772,51.478,-0.461,25.3,02/02/2017,1.5,10.3,,
UKM00003772,51.478,-0.461,25.3,03/02/2017,2,8.3,,
UKM00003772,51.478,-0.461,25.3,04/02/2017,2,5.1,,1.9
UKM00003772,51.478,-0.461,25.3,05/02/2017,1,4.5,,2.7
UKM00003772,51.478,-0.461,25.3,06/02/2017,0,4,,-0.5
UKM00003772,51.478,-0.461,25.3,07/02/2017,7.1,6.8,,
UKM00003772,51.478,-0.461,25.3,08/02/2017,0.3,4.4,,
UKM00003772,51.478,-0.461,25.3,09/02/2017,0,2,,
UKM00003772,51.478,-0.461,25.3,10/02/2017,0.5,1.5,,
UKM00003772,51.478,-0.461,25.3,11/02/2017,0.5,1.7,,
UKM00003772,51.478,-0.461,25.3,12/02/2017,1.3,3.1,,
UKM00003772,51.478,-0.461,25.3,13/02/2017,0,6,,
UKM00003772,51.478,-0.461,25.3,14/02/2017,,7,,
UKM00003772,51.478,-0.461,25.3,15/02/2017,,9,,
UKM00003772,51.478,-0.461,25.3,16/02/2017,,8.3,,4.8
UKM00003772,51.478,-0.461,25.3,17/02/2017,0.3,8.9,,
UKM00003772,51.478,-0.461,25.3,18/02/2017,0,7.7,,
UKM00003772,51.478,-0.461,25.3,19/02/2017,,8.3,,
UKM00003772,51.478,-0.461,25.3,20/02/2017,,12.4,,9.6
UKM00003772,51.478,-0.461,25.3,21/02/2017,1.5,11.7,,
UKM00003772,51.478,-0.461,25.3,22/02/2017,0.3,12,,
UKM00003772,51.478,-0.461,25.3,23/02/2017,0.3,9.6,,
UKM00003772,51.478,-0.461,25.3,24/02/2017,2,5.9,,
UKM00003772,51.478,-0.461,25.3,25/02/2017,0,8.4,,4.8
UKM00003772,51.478,-0.461,25.3,26/02/2017,1.3,10.3,,
UKM00003772,51.478,-0.461,25.3,27/02/2017,7.1,6.9,,
UKM00003772,51.478,-0.461,25.3,28/02/2017,7.1,4.6,,0.9
UKM00003772,51.478,-0.461,25.3,01/03/2017,1.5,7.2,,4.9
UKM00003772,51.478,-0.461,25.3,02/03/2017,0.5,7.8,,4.9
UKM00003772,51.478,-0.461,25.3,03/03/2017,0,8.2,,4.8
UKM00003772,51.478,-0.461,25.3,04/03/2017,6.1,8.6,,
UKM00003772,51.478,-0.461,25.3,05/03/2017,0.3,7.4,,5.6
UKM00003772,51.478,-0.461,25.3,06/03/2017,4.6,6.9,,2.6
UKM00003772,51.478,-0.461,25.3,07/03/2017,0,7.4,,
UKM00003772,51.478,-0.461,25.3,08/03/2017,2,10.9,,7.1
UKM00003772,51.478,-0.461,25.3,09/03/2017,0.8,12.8,,
UKM00003772,51.478,-0.461,25.3,10/03/2017,0,9.5,,
UKM00003772,51.478,-0.461,25.3,11/03/2017,,12.3,,
UKM00003772,51.478,-0.461,25.3,12/03/2017,,10.8,,
UKM00003772,51.478,-0.461,25.3,13/03/2017,,10.5,15.5,
UKM00003772,51.478,-0.461,25.3,14/03/2017,,11.2,,7.1
UKM00003772,51.478,-0.461,25.3,15/03/2017,,12.1,,7.9
UKM00003772,51.478,-0.461,25.3,16/03/2017,,9.3,,5.7
UKM00003772,51.478,-0.461,25.3,17/03/2017,,8.5,,
UKM00003772,51.478,-0.461,25.3,18/03/2017,,12.4,,9.7
UKM00003772,51.478,-0.461,25.3,19/03/2017,,12.8,,
UKM00003772,51.478,-0.461,25.3,20/03/2017,0.8,10.9,,
UKM00003772,51.478,-0.461,25.3,21/03/2017,1.3,7.7,,3.9
UKM00003772,51.478,-0.461,25.3,22/03/2017,0,7.2,,4.5
UKM00003772,51.478,-0.461,25.3,23/03/2017,5.8,8.4,,5.3
UKM00003772,51.478,-0.461,25.3,24/03/2017,0,8.8,,
UKM00003772,51.478,-0.461,25.3,25/03/2017,,9.4,,
UKM00003772,51.478,-0.461,25.3,26/03/2017,,9.8,,
UKM00003772,51.478,-0.461,25.3,27/03/2017,,9.9,,
UKM00003772,51.478,-0.461,25.3,28/03/2017,,11.1,,
UKM00003772,51.478,-0.461,25.3,29/03/2017,,13.1,,11
UKM00003772,51.478,-0.461,25.3,30/03/2017,,15.9,,11.5
UKM00003772,51.478,-0.461,25.3,31/03/2017,,13,,
UKM00003772,51.478,-0.461,25.3,01/04/2017,,11.6,,
UKM00003772,51.478,-0.461,25.3,02/04/2017,,11.1,,
UKM00003772,51.478,-0.461,25.3,03/04/2017,,10.8,,4
UKM00003772,51.478,-0.461,25.3,04/04/2017,0.3,11.7,,8.7
UKM00003772,51.478,-0.461,25.3,05/04/2017,0,10.3,15.4,5.2
UKM00003772,51.478,-0.461,25.3,06/04/2017,,11.6,,5.9
UKM00003772,51.478,-0.461,25.3,07/04/2017,,11.7,,5.6
UKM00003772,51.478,-0.461,25.3,08/04/2017,,12.7,,4.8
UKM00003772,51.478,-0.461,25.3,09/04/2017,,15.6,,
UKM00003772,51.478,-0.461,25.3,10/04/2017,,11.1,,
UKM00003772,51.478,-0.461,25.3,11/04/2017,,10.9,,
UKM00003772,51.478,-0.461,25.3,12/04/2017,,11.6,,5.8
UKM00003772,51.478,-0.461,25.3,13/04/2017,,10.4,,
UKM00003772,51.478,-0.461,25.3,14/04/2017,,11.4,,
UKM00003772,51.478,-0.461,25.3,15/04/2017,,11.3,,
UKM00003772,51.478,-0.461,25.3,16/04/2017,,10.6,,
UKM00003772,51.478,-0.461,25.3,17/04/2017,0.5,9.7,,
UKM00003772,51.478,-0.461,25.3,18/04/2017,0,8.6,,4.6
UKM00003772,51.478,-0.461,25.3,19/04/2017,,8.9,,
UKM00003772,51.478,-0.461,25.3,20/04/2017,,10.6,,5.9
UKM00003772,51.478,-0.461,25.3,21/04/2017,,12.2,,7.3
UKM00003772,51.478,-0.461,25.3,22/04/2017,,11.9,,
UKM00003772,51.478,-0.461,25.3,23/04/2017,,11.3,,7.1
UKM00003772,51.478,-0.461,25.3,24/04/2017,,9.9,,4.8
UKM00003772,51.478,-0.461,25.3,25/04/2017,,6,,0.3
UKM00003772,51.478,-0.461,25.3,26/04/2017,,6.1,,2.2
UKM00003772,51.478,-0.461,25.3,27/04/2017,,6.8,,0.6
UKM00003772,51.478,-0.461,25.3,28/04/2017,,10.4,,
UKM00003772,51.478,-0.461,25.3,29/04/2017,,10.8,,5.1
UKM00003772,51.478,-0.461,25.3,30/04/2017,,13.3,,8.7
UKM00003772,51.478,-0.461,25.3,01/05/2017,1.5,10.3,,8
UKM00003772,51.478,-0.461,25.3,02/05/2017,1,11.4,,
UKM00003772,51.478,-0.461,25.3,03/05/2017,0.3,9.6,,
UKM00003772,51.478,-0.461,25.3,04/05/2017,1,11.1,,
UKM00003772,51.478,-0.461,25.3,05/05/2017,0,11.7,,8
UKM00003772,51.478,-0.461,25.3,06/05/2017,,12.2,,
UKM00003772,51.478,-0.461,25.3,07/05/2017,,12.5,,8.4
UKM00003772,51.478,-0.461,25.3,08/05/2017,,9.7,,
UKM00003772,51.478,-0.461,25.3,09/05/2017,,10.1,,6.5
UKM00003772,51.478,-0.461,25.3,10/05/2017,,11.6,,5
UKM00003772,51.478,-0.461,25.3,11/05/2017,,14.2,,
UKM00003772,51.478,-0.461,25.3,12/05/2017,2,14.8,,
UKM00003772,51.478,-0.461,25.3,13/05/2017,0.5,14.3,,11.6
UKM00003772,51.478,-0.461,25.3,14/05/2017,3.3,14.7,,
UKM00003772,51.478,-0.461,25.3,15/05/2017,0,14.3,,9.6
UKM00003772,51.478,-0.461,25.3,16/05/2017,0.5,18.5,,
UKM00003772,51.478,-0.461,25.3,17/05/2017,14.7,15.2,,
UKM00003772,51.478,-0.461,25.3,18/05/2017,18.5,12.3,,9.6
UKM00003772,51.478,-0.461,25.3,19/05/2017,9.9,11.6,,
UKM00003772,51.478,-0.461,25.3,20/05/2017,0.5,11.9,,6.7
UKM00003772,51.478,-0.461,25.3,21/05/2017,0.5,14.6,,8.6
UKM00003772,51.478,-0.461,25.3,22/05/2017,0,17.8,,
UKM00003772,51.478,-0.461,25.3,23/05/2017,,16.6,,10.7
UKM00003772,51.478,-0.461,25.3,24/05/2017,,19.9,,12.6
UKM00003772,51.478,-0.461,25.3,25/05/2017,,20.1,,14
UKM00003772,51.478,-0.461,25.3,26/05/2017,,20.8,,
UKM00003772,51.478,-0.461,25.3,27/05/2017,,18.6,,
UKM00003772,51.478,-0.461,25.3,28/05/2017,,17.3,,11.5
UKM00003772,51.478,-0.461,25.3,29/05/2017,12.2,17.2,,13.8
UKM00003772,51.478,-0.461,25.3,30/05/2017,0.3,17.3,,
UKM00003772,51.478,-0.461,25.3,31/05/2017,0,17.6,,12.7
UKM00003772,51.478,-0.461,25.3,01/06/2017,,18.9,,12.3
UKM00003772,51.478,-0.461,25.3,02/06/2017,,19.4,,13.9
UKM00003772,51.478,-0.461,25.3,03/06/2017,,17.1,,
UKM00003772,51.478,-0.461,25.3,04/06/2017,,14.9,,9.4
UKM00003772,51.478,-0.461,25.3,05/06/2017,,14.5,,
UKM00003772,51.478,-0.461,25.3,06/06/2017,5.1,13.1,,
UKM00003772,51.478,-0.461,25.3,07/06/2017,16.3,15.2,,10.8
UKM00003772,51.478,-0.461,25.3,08/06/2017,0.8,15.4,,13.1
UKM00003772,51.478,-0.461,25.3,09/06/2017,1,16.3,,12
UKM00003772,51.478,-0.461,25.3,10/06/2017,0,18.4,,13.7
UKM00003772,51.478,-0.461,25.3,11/06/2017,,18.8,,
UKM00003772,51.478,-0.461,25.3,12/06/2017,,15.8,,
UKM00003772,51.478,-0.461,25.3,13/06/2017,,18.2,,10.2
UKM00003772,51.478,-0.461,25.3,14/06/2017,,20.8,,13.6
UKM00003772,51.478,-0.461,25.3,15/06/2017,,19,,
UKM00003772,51.478,-0.461,25.3,16/06/2017,,17.9,,11.4
UKM00003772,51.478,-0.461,25.3,17/06/2017,,22.8,,14.6
UKM00003772,51.478,-0.461,25.3,18/06/2017,,24.9,,17.3
UKM00003772,51.478,-0.461,25.3,19/06/2017,,25.7,,19
UKM00003772,51.478,-0.461,25.3,20/06/2017,,24.4,,
UKM00003772,51.478,-0.461,25.3,21/06/2017,,25,,
UKM00003772,51.478,-0.461,25.3,22/06/2017,,20.9,,
UKM00003772,51.478,-0.461,25.3,23/06/2017,,18.9,,13.1
UKM00003772,51.478,-0.461,25.3,24/06/2017,,19.3,,
UKM00003772,51.478,-0.461,25.3,25/06/2017,,18.5,,
UKM00003772,51.478,-0.461,25.3,26/06/2017,,18.4,,12.7
UKM00003772,51.478,-0.461,25.3,27/06/2017,,17.1,,14.6
UKM00003772,51.478,-0.461,25.3,28/06/2017,16.3,15.3,,
UKM00003772,51.478,-0.461,25.3,29/06/2017,0,15.1,,
UKM00003772,51.478,-0.461,25.3,30/06/2017,0,17.7,,14
UKM00003772,51.478,-0.461,25.3,01/07/2017,0.3,18.3,,14.5
UKM00003772,51.478,-0.461,25.3,02/07/2017,0.3,19.2,,
UKM00003772,51.478,-0.461,25.3,03/07/2017,0,19.2,,14.7
UKM00003772,51.478,-0.461,25.3,04/07/2017,,19.6,,
UKM00003772,51.478,-0.461,25.3,05/07/2017,,22.2,,14.5
UKM00003772,51.478,-0.461,25.3,06/07/2017,,25,,
UKM00003772,51.478,-0.461,25.3,07/07/2017,,23,,17
UKM00003772,51.478,-0.461,25.3,08/07/2017,,21.7,,17.7
UKM00003772,51.478,-0.461,25.3,09/07/2017,,22.4,,17.7
UKM00003772,51.478,-0.461,25.3,10/07/2017,,20.7,,15.9
UKM00003772,51.478,-0.461,25.3,11/07/2017,,16.1,,
UKM00003772,51.478,-0.461,25.3,12/07/2017,36.6,17.3,,
UKM00003772,51.478,-0.461,25.3,13/07/2017,0.3,18.5,,
UKM00003772,51.478,-0.461,25.3,14/07/2017,0,17.8,,
UKM00003772,51.478,-0.461,25.3,15/07/2017,,18.1,,
UKM00003772,51.478,-0.461,25.3,16/07/2017,,21.3,,17.4
UKM00003772,51.478,-0.461,25.3,17/07/2017,,20.6,,
UKM00003772,51.478,-0.461,25.3,18/07/2017,,21.4,,16.9
UKM00003772,51.478,-0.461,25.3,19/07/2017,4.3,19.9,,
UKM00003772,51.478,-0.461,25.3,20/07/2017,0.5,17.8,,
UKM00003772,51.478,-0.461,25.3,21/07/2017,0,17.5,,
UKM00003772,51.478,-0.461,25.3,22/07/2017,13.7,14.9,,
UKM00003772,51.478,-0.461,25.3,23/07/2017,9.7,15.3,,
UKM00003772,51.478,-0.461,25.3,24/07/2017,0.8,16.6,,
UKM00003772,51.478,-0.461,25.3,25/07/2017,0,17.9,,13
UKM00003772,51.478,-0.461,25.3,26/07/2017,,17.5,,
UKM00003772,51.478,-0.461,25.3,27/07/2017,,16.6,,14
UKM00003772,51.478,-0.461,25.3,28/07/2017,7.1,16.8,,13.7
UKM00003772,51.478,-0.461,25.3,29/07/2017,1.3,17.1,,14.8
UKM00003772,51.478,-0.461,25.3,30/07/2017,13.2,17.2,,
UKM00003772,51.478,-0.461,25.3,31/07/2017,0,17.5,,
UKM00003772,51.478,-0.461,25.3,01/08/2017,,17.1,,12.5
UKM00003772,51.478,-0.461,25.3,02/08/2017,,16.8,,14.5
UKM00003772,51.478,-0.461,25.3,03/08/2017,,18.4,,15.5
UKM00003772,51.478,-0.461,25.3,04/08/2017,,18.3,,14.8
UKM00003772,51.478,-0.461,25.3,05/08/2017,,16.8,,
UKM00003772,51.478,-0.461,25.3,06/08/2017,,16.2,,10.6
UKM00003772,51.478,-0.461,25.3,07/08/2017,,16.7,,
UKM00003772,51.478,-0.461,25.3,08/08/2017,0.3,15.2,,
UKM00003772,51.478,-0.461,25.3,09/08/2017,1,14.1,,13
UKM00003772,51.478,-0.461,25.3,10/08/2017,22.1,16.1,,
UKM00003772,51.478,-0.461,25.3,11/08/2017,0,16.1,,9.9
UKM00003772,51.478,-0.461,25.3,12/08/2017,,18.7,,
UKM00003772,51.478,-0.461,25.3,13/08/2017,,17.2,,12.3
UKM00003772,51.478,-0.461,25.3,14/08/2017,,17.6,,10.7
UKM00003772,51.478,-0.461,25.3,15/08/2017,,18.1,,
UKM00003772,51.478,-0.461,25.3,16/08/2017,,16.9,,
UKM00003772,51.478,-0.461,25.3,17/08/2017,3.8,19.4,,
UKM00003772,51.478,-0.461,25.3,18/08/2017,3.8,16.1,,
UKM00003772,51.478,-0.461,25.3,19/08/2017,7.1,16.1,,12.7
UKM00003772,51.478,-0.461,25.3,20/08/2017,0,15.1,,9.7
UKM00003772,51.478,-0.461,25.3,21/08/2017,6.6,16.7,,13.6
UKM00003772,51.478,-0.461,25.3,22/08/2017,0.3,19.3,,
UKM00003772,51.478,-0.461,25.3,23/08/2017,0.3,18.7,,
UKM00003772,51.478,-0.461,25.3,24/08/2017,0,17,,12.9
UKM00003772,51.478,-0.461,25.3,25/08/2017,,18.1,,
UKM00003772,51.478,-0.461,25.3,26/08/2017,,19.6,,13.9
UKM00003772,51.478,-0.461,25.3,27/08/2017,,20.4,,15.9
UKM00003772,51.478,-0.461,25.3,28/08/2017,,21.3,,14.6
UKM00003772,51.478,-0.461,25.3,29/08/2017,,20,,
UKM00003772,51.478,-0.461,25.3,30/08/2017,0.3,13.9,,
UKM00003772,51.478,-0.461,25.3,31/08/2017,3.6,14.3,,
UKM00003772,51.478,-0.461,25.3,01/09/2017,1.5,16.1,,9.7
UKM00003772,51.478,-0.461,25.3,02/09/2017,0,15.8,,10
UKM00003772,51.478,-0.461,25.3,03/09/2017,,13.7,,
UKM00003772,51.478,-0.461,25.3,04/09/2017,6.1,17.8,,13.2
UKM00003772,51.478,-0.461,25.3,05/09/2017,0.3,17.6,,
UKM00003772,51.478,-0.461,25.3,06/09/2017,1.5,15.8,,11.3
UKM00003772,51.478,-0.461,25.3,07/09/2017,0,15.8,,11.2
UKM00003772,51.478,-0.461,25.3,08/09/2017,0.8,15.8,,
UKM00003772,51.478,-0.461,25.3,09/09/2017,6.1,13.2,,10
UKM00003772,51.478,-0.461,25.3,10/09/2017,7.1,13.3,,8.6
UKM00003772,51.478,-0.461,25.3,11/09/2017,0.5,14.4,,
UKM00003772,51.478,-0.461,25.3,12/09/2017,0.8,14.3,,10.3
UKM00003772,51.478,-0.461,25.3,13/09/2017,2.5,14.8,,
UKM00003772,51.478,-0.461,25.3,14/09/2017,0,12.2,,7.9
UKM00003772,51.478,-0.461,25.3,15/09/2017,,11.6,,7.1
UKM00003772,51.478,-0.461,25.3,16/09/2017,0.3,11.7,,
UKM00003772,51.478,-0.461,25.3,17/09/2017,0.3,12.6,,
UKM00003772,51.478,-0.461,25.3,18/09/2017,0.5,13.2,,
UKM00003772,51.478,-0.461,25.3,19/09/2017,3.6,12.1,,8.4
UKM00003772,51.478,-0.461,25.3,20/09/2017,0,13.7,,
UKM00003772,51.478,-0.461,25.3,21/09/2017,0,15.1,,
UKM00003772,51.478,-0.461,25.3,22/09/2017,2.5,12.7,,
UKM00003772,51.478,-0.461,25.3,23/09/2017,0.3,15.1,,
UKM00003772,51.478,-0.461,25.3,24/09/2017,0,16.1,,
UKM00003772,51.478,-0.461,25.3,25/09/2017,6.1,16.2,,14.9
UKM00003772,51.478,-0.461,25.3,26/09/2017,0.3,16.2,,
UKM00003772,51.478,-0.461,25.3,27/09/2017,0,15.8,,12
UKM00003772,51.478,-0.461,25.3,28/09/2017,14.7,16.3,,
UKM00003772,51.478,-0.461,25.3,29/09/2017,1.8,16.2,,
UKM00003772,51.478,-0.461,25.3,30/09/2017,0.8,13.8,,10.9
UKM00003772,51.478,-0.461,25.3,01/10/2017,1.8,16.2,,13.7
UKM00003772,51.478,-0.461,25.3,02/10/2017,0.3,14.9,,
UKM00003772,51.478,-0.461,25.3,03/10/2017,0,12.1,,8.6
UKM00003772,51.478,-0.461,25.3,04/10/2017,0,12.5,16.6,8.9
UKM00003772,51.478,-0.461,25.3,05/10/2017,0,14.3,,
UKM00003772,51.478,-0.461,25.3,06/10/2017,0.5,11.8,,
UKM00003772,51.478,-0.461,25.3,07/10/2017,0,14.2,,9.7
UKM00003772,51.478,-0.461,25.3,08/10/2017,0.5,13.6,,
UKM00003772,51.478,-0.461,25.3,09/10/2017,0,13.6,,10
UKM00003772,51.478,-0.461,25.3,10/10/2017,0,14.3,,10.6
UKM00003772,51.478,-0.461,25.3,11/10/2017,0,15.2,,
UKM00003772,51.478,-0.461,25.3,12/10/2017,1,13.2,,8.8
UKM00003772,51.478,-0.461,25.3,13/10/2017,2.3,16.3,,10.8
UKM00003772,51.478,-0.461,25.3,14/10/2017,0,16.9,,
UKM00003772,51.478,-0.461,25.3,15/10/2017,0,14.7,,10.4
UKM00003772,51.478,-0.461,25.3,16/10/2017,0,16.2,,11.6
UKM00003772,51.478,-0.461,25.3,17/10/2017,0,12.5,,10.8
UKM00003772,51.478,-0.461,25.3,18/10/2017,0.3,13.4,,11.2
UKM00003772,51.478,-0.461,25.3,19/10/2017,1.3,15.3,,
UKM00003772,51.478,-0.461,25.3,20/10/2017,2.3,13.2,,12
UKM00003772,51.478,-0.461,25.3,21/10/2017,2,13.5,16.3,
UKM00003772,51.478,-0.461,25.3,22/10/2017,0.5,11.5,,9.3
UKM00003772,51.478,-0.461,25.3,23/10/2017,0,13.6,,9.8
UKM00003772,51.478,-0.461,25.3,24/10/2017,0.3,16.3,,14
UKM00003772,51.478,-0.461,25.3,25/10/2017,0.3,15.3,,
UKM00003772,51.478,-0.461,25.3,26/10/2017,0,13.1,,8.2
UKM00003772,51.478,-0.461,25.3,27/10/2017,0.5,11.7,,
UKM00003772,51.478,-0.461,25.3,28/10/2017,0,11,,
UKM00003772,51.478,-0.461,25.3,29/10/2017,0,12.2,,
UKM00003772,51.478,-0.461,25.3,30/10/2017,0,7.3,,3.1
UKM00003772,51.478,-0.461,25.3,31/10/2017,0,9.8,,5.2
UKM00003772,51.478,-0.461,25.3,01/11/2017,0,10.7,,
UKM00003772,51.478,-0.461,25.3,02/11/2017,0,8.6,,
UKM00003772,51.478,-0.461,25.3,03/11/2017,0.3,10.2,,
UKM00003772,51.478,-0.461,25.3,04/11/2017,3.6,11.2,,
UKM00003772,51.478,-0.461,25.3,05/11/2017,1.5,6.7,,
UKM00003772,51.478,-0.461,25.3,06/11/2017,0,5.6,,
UKM00003772,51.478,-0.461,25.3,07/11/2017,0.3,9.5,,
UKM00003772,51.478,-0.461,25.3,08/11/2017,5.3,7,,
UKM00003772,51.478,-0.461,25.3,09/11/2017,0,8.5,,1.1
UKM00003772,51.478,-0.461,25.3,10/11/2017,0,10,,
UKM00003772,51.478,-0.461,25.3,11/11/2017,6.6,8.8,,6.8
UKM00003772,51.478,-0.461,25.3,12/11/2017,3.8,7.1,,
UKM00003772,51.478,-0.461,25.3,13/11/2017,0.3,5.1,,1.6
UKM00003772,51.478,-0.461,25.3,14/11/2017,0,9.3,,4.7
UKM00003772,51.478,-0.461,25.3,15/11/2017,0.5,10.2,,
UKM00003772,51.478,-0.461,25.3,16/11/2017,0,10.6,,
UKM00003772,51.478,-0.461,25.3,17/11/2017,0.3,5.2,,0.7
UKM00003772,51.478,-0.461,25.3,18/11/2017,0,7.3,,3.3
UKM00003772,51.478,-0.461,25.3,19/11/2017,4.1,5.3,,3
UKM00003772,51.478,-0.461,25.3,20/11/2017,0.8,10.4,,4.8
UKM00003772,51.478,-0.461,25.3,21/11/2017,1.3,12.9,,11.7
UKM00003772,51.478,-0.461,25.3,22/11/2017,0,14.4,,
UKM00003772,51.478,-0.461,25.3,23/11/2017,2,11.2,,
UKM00003772,51.478,-0.461,25.3,24/11/2017,0.8,6.1,,
UKM00003772,51.478,-0.461,25.3,25/11/2017,0,3.3,,-1.3
UKM00003772,51.478,-0.461,25.3,26/11/2017,0.3,4.2,8,1.3
UKM00003772,51.478,-0.461,25.3,27/11/2017,1.5,8.4,,3.9
UKM00003772,51.478,-0.461,25.3,28/11/2017,1.5,4.9,,2.7
UKM00003772,51.478,-0.461,25.3,29/11/2017,0,4,,1.8
UKM00003772,51.478,-0.461,25.3,30/11/2017,,2.2,,-0.4
UKM00003772,51.478,-0.461,25.3,01/12/2017,,4.3,,2.7
UKM00003772,51.478,-0.461,25.3,02/12/2017,,4.6,,2.5
UKM00003772,51.478,-0.461,25.3,03/12/2017,0.5,8.5,,5.5
UKM00003772,51.478,-0.461,25.3,04/12/2017,0.3,7.6,,
UKM00003772,51.478,-0.461,25.3,05/12/2017,0,7.9,,6.8
UKM00003772,51.478,-0.461,25.3,06/12/2017,,9.5,,
UKM00003772,51.478,-0.461,25.3,07/12/2017,,8.9,,
UKM00003772,51.478,-0.461,25.3,08/12/2017,,2.8,,
UKM00003772,51.478,-0.461,25.3,09/12/2017,,1.2,,
UKM00003772,51.478,-0.461,25.3,10/12/2017,5.3,1.6,,0
UKM00003772,51.478,-0.461,25.3,11/12/2017,15,1.6,,
UKM00003772,51.478,-0.461,25.3,12/12/2017,7.9,0.7,,
UKM00003772,51.478,-0.461,25.3,13/12/2017,3,6.6,,2.7
UKM00003772,51.478,-0.461,25.3,14/12/2017,7.4,4.2,,
UKM00003772,51.478,-0.461,25.3,15/12/2017,0,4.1,,0.9
UKM00003772,51.478,-0.461,25.3,16/12/2017,1.5,2.9,,
UKM00003772,51.478,-0.461,25.3,17/12/2017,0.3,3.9,,-1.3
UKM00003772,51.478,-0.461,25.3,18/12/2017,3.3,4.6,,
UKM00003772,51.478,-0.461,25.3,19/12/2017,0,3.5,,-2.3
UKM00003772,51.478,-0.461,25.3,20/12/2017,0.3,9.3,,6.5
UKM00003772,51.478,-0.461,25.3,21/12/2017,0.3,10.9,,
UKM00003772,51.478,-0.461,25.3,22/12/2017,0,10.6,,8.9
UKM00003772,51.478,-0.461,25.3,23/12/2017,0.3,9.4,,
UKM00003772,51.478,-0.461,25.3,24/12/2017,0,9.3,,8
UKM00003772,51.478,-0.461,25.3,25/12/2017,0.3,10,,
UKM00003772,51.478,-0.461,25.3,26/12/2017,5.3,5.9,,3.6
UKM00003772,51.478,-0.461,25.3,27/12/2017,9.1,3.6,,
UKM00003772,51.478,-0.461,25.3,28/12/2017,2.5,1.3,,
UKM00003772,51.478,-0.461,25.3,29/12/2017,0.3,4.5,,
UKM00003772,51.478,-0.461,25.3,30/12/2017,9.1,11.1,,5
UKM00003772,51.478,-0.461,25.3,31/12/2017,1.8,10.6,,
UKM00003772,51.478,-0.461,25.3,01/01/2018,5.1,6.7,,
UKM00003772,51.478,-0.461,25.3,02/01/2018,,7.6,,3.5
UKM00003772,51.478,-0.461,25.3,03/01/2018,10.7,9.2,,7.4
UKM00003772,51.478,-0.461,25.3,04/01/2018,4.3,8.4,,
UKM00003772,51.478,-0.461,25.3,05/01/2018,5.8,6.2,,
UKM00003772,51.478,-0.461,25.3,06/01/2018,0.3,3.4,,
UKM00003772,51.478,-0.461,25.3,07/01/2018,0,3.3,,
UKM00003772,51.478,-0.461,25.3,08/01/2018,,4.4,,1.9
UKM00003772,51.478,-0.461,25.3,09/01/2018,,5.3,,3.9
UKM00003772,51.478,-0.461,25.3,10/01/2018,0.5,7.6,,
UKM00003772,51.478,-0.461,25.3,11/01/2018,0,6.1,,2.6
UKM00003772,51.478,-0.461,25.3,12/01/2018,0.3,6.7,,
UKM00003772,51.478,-0.461,25.3,13/01/2018,0.3,6.1,,
UKM00003772,51.478,-0.461,25.3,14/01/2018,0,5,,
UKM00003772,51.478,-0.461,25.3,15/01/2018,1.5,8.3,,4.3
UKM00003772,51.478,-0.461,25.3,16/01/2018,3.8,5.8,,
UKM00003772,51.478,-0.461,25.3,17/01/2018,0,5,,2
UKM00003772,51.478,-0.461,25.3,18/01/2018,0.5,7.8,,
UKM00003772,51.478,-0.461,25.3,19/01/2018,0,3.6,,0
UKM00003772,51.478,-0.461,25.3,20/01/2018,,3.6,,1.5
UKM00003772,51.478,-0.461,25.3,21/01/2018,,3.8,,1
UKM00003772,51.478,-0.461,25.3,22/01/2018,,9,,5.9
UKM00003772,51.478,-0.461,25.3,23/01/2018,,10.6,,7.2
UKM00003772,51.478,-0.461,25.3,24/01/2018,7.1,10.1,,
UKM00003772,51.478,-0.461,25.3,25/01/2018,,7.4,,
UKM00003772,51.478,-0.461,25.3,26/01/2018,,5.6,,1.7
UKM00003772,51.478,-0.461,25.3,27/01/2018,,7.4,,
UKM00003772,51.478,-0.461,25.3,28/01/2018,,11.5,,8.8
UKM00003772,51.478,-0.461,25.3,29/01/2018,0,10.2,,
UKM00003772,51.478,-0.461,25.3,30/01/2018,0.5,4.4,,-1
UKM00003772,51.478,-0.461,25.3,31/01/2018,0.5,6.8,,
UKM00003772,51.478,-0.461,25.3,01/02/2018,2.5,5.3,,
UKM00003772,51.478,-0.461,25.3,02/02/2018,0,5.7,,
UKM00003772,51.478,-0.461,25.3,03/02/2018,0,3.9,,
UKM00003772,51.478,-0.461,25.3,04/02/2018,5.8,3.3,,
UKM00003772,51.478,-0.461,25.3,05/02/2018,0,2.5,,
UKM00003772,51.478,-0.461,25.3,06/02/2018,0,1.7,,
UKM00003772,51.478,-0.461,25.3,07/02/2018,0,2.2,,
UKM00003772,51.478,-0.461,25.3,08/02/2018,0,3.1,,
UKM00003772,51.478,-0.461,25.3,09/02/2018,4.3,4.9,,
UKM00003772,51.478,-0.461,25.3,10/02/2018,1.3,4.2,,-1.8
UKM00003772,51.478,-0.461,25.3,11/02/2018,3.3,5.1,,
UKM00003772,51.478,-0.461,25.3,12/02/2018,0,2.9,,-1.1
UKM00003772,51.478,-0.461,25.3,13/02/2018,0.3,4.2,,1.6
UKM00003772,51.478,-0.461,25.3,14/02/2018,2.3,3.2,,
UKM00003772,51.478,-0.461,25.3,15/02/2018,5.1,7.4,,
UKM00003772,51.478,-0.461,25.3,16/02/2018,0,4.7,,
UKM00003772,51.478,-0.461,25.3,17/02/2018,0,5.5,,1.7
UKM00003772,51.478,-0.461,25.3,18/02/2018,0,5.9,,
UKM00003772,51.478,-0.461,25.3,19/02/2018,0.5,8.7,,
UKM00003772,51.478,-0.461,25.3,20/02/2018,1.5,8.5,,
UKM00003772,51.478,-0.461,25.3,21/02/2018,0.8,4.7,7,
UKM00003772,51.478,-0.461,25.3,22/02/2018,0,3.2,5.8,
UKM00003772,51.478,-0.461,25.3,23/02/2018,0,1.7,,
UKM00003772,51.478,-0.461,25.3,24/02/2018,0,2.1,,
UKM00003772,51.478,-0.461,25.3,25/02/2018,0,1.6,,
UKM00003772,51.478,-0.461,25.3,26/02/2018,0,-0.2,,
UKM00003772,51.478,-0.461,25.3,27/02/2018,0,-2.3,1.4,
UKM00003772,51.478,-0.461,25.3,28/02/2018,0,-4.1,-1.2,
UKM00003772,51.478,-0.461,25.3,01/03/2018,0,-2.6,,-5.1
UKM00003772,51.478,-0.461,25.3,02/03/2018,0,-0.8,,
UKM00003772,51.478,-0.461,25.3,03/03/2018,0,2.3,,-1.3
UKM00003772,51.478,-0.461,25.3,04/03/2018,4.8,6.1,,2
UKM00003772,51.478,-0.461,25.3,05/03/2018,0.3,7.1,10.7,3.9
UKM00003772,51.478,-0.461,25.3,06/03/2018,1.5,7.2,,
UKM00003772,51.478,-0.461,25.3,07/03/2018,1,6.3,,
UKM00003772,51.478,-0.461,25.3,08/03/2018,4.3,6.9,,
UKM00003772,51.478,-0.461,25.3,09/03/2018,0,6.4,,0.5
UKM00003772,51.478,-0.461,25.3,10/03/2018,6.4,10.8,,
UKM00003772,51.478,-0.461,25.3,11/03/2018,0.3,8.8,,5.6
UKM00003772,51.478,-0.461,25.3,12/03/2018,4.3,8.8,,
UKM00003772,51.478,-0.461,25.3,13/03/2018,6.1,7.8,,
UKM00003772,51.478,-0.461,25.3,14/03/2018,0,8.3,13.6,1.2
UKM00003772,51.478,-0.461,25.3,15/03/2018,7.1,9.7,,7.7
UKM00003772,51.478,-0.461,25.3,16/03/2018,1.5,9.7,,
UKM00003772,51.478,-0.461,25.3,17/03/2018,1.8,1.3,,
UKM00003772,51.478,-0.461,25.3,18/03/2018,0.5,-0.6,,
UKM00003772,51.478,-0.461,25.3,19/03/2018,0,1.3,4.5,-1.5
UKM00003772,51.478,-0.461,25.3,20/03/2018,3.3,4.6,,0.9
UKM00003772,51.478,-0.461,25.3,21/03/2018,0,5.3,,-1.9
UKM00003772,51.478,-0.461,25.3,22/03/2018,0,7.4,,4.4
UKM00003772,51.478,-0.461,25.3,23/03/2018,0,8.9,,
UKM00003772,51.478,-0.461,25.3,24/03/2018,2.3,7.9,,6.5
UKM00003772,51.478,-0.461,25.3,25/03/2018,0.3,9,,
UKM00003772,51.478,-0.461,25.3,26/03/2018,0,8.6,,5.4
UKM00003772,51.478,-0.461,25.3,27/03/2018,3,9.1,15.4,
UKM00003772,51.478,-0.461,25.3,28/03/2018,3,5.8,,
UKM00003772,51.478,-0.461,25.3,29/03/2018,10.7,4.8,,
UKM00003772,51.478,-0.461,25.3,30/03/2018,7.9,5.5,,
UKM00003772,51.478,-0.461,25.3,31/03/2018,12.7,5.7,,3.7
UKM00003772,51.478,-0.461,25.3,01/04/2018,1.8,5.7,,
UKM00003772,51.478,-0.461,25.3,02/04/2018,11.7,8.3,,3.7
UKM00003772,51.478,-0.461,25.3,03/04/2018,4.6,11,,
UKM00003772,51.478,-0.461,25.3,04/04/2018,0.5,9.6,,6.8
UKM00003772,51.478,-0.461,25.3,05/04/2018,0.3,7.7,,
UKM00003772,51.478,-0.461,25.3,06/04/2018,0,10.2,,0
UKM00003772,51.478,-0.461,25.3,07/04/2018,0,12.1,,8.4
UKM00003772,51.478,-0.461,25.3,08/04/2018,0.8,10,,
UKM00003772,51.478,-0.461,25.3,09/04/2018,7.1,8.9,,
UKM00003772,51.478,-0.461,25.3,10/04/2018,11.9,10.7,,
UKM00003772,51.478,-0.461,25.3,11/04/2018,5.1,9.2,,
UKM00003772,51.478,-0.461,25.3,12/04/2018,1,8.1,,
UKM00003772,51.478,-0.461,25.3,13/04/2018,0.3,8.8,,
UKM00003772,51.478,-0.461,25.3,14/04/2018,0,12.9,,8
UKM00003772,51.478,-0.461,25.3,15/04/2018,0,11.6,,8.7
UKM00003772,51.478,-0.461,25.3,16/04/2018,0.5,11.2,,8
UKM00003772,51.478,-0.461,25.3,17/04/2018,0,14.3,19,10
UKM00003772,51.478,-0.461,25.3,18/04/2018,0,17.7,,9.9
UKM00003772,51.478,-0.461,25.3,19/04/2018,0,20,,11.2
UKM00003772,51.478,-0.461,25.3,20/04/2018,0,18.7,,
UKM00003772,51.478,-0.461,25.3,21/04/2018,0,17.6,,11.9
UKM00003772,51.478,-0.461,25.3,22/04/2018,10.9,16.5,,
UKM00003772,51.478,-0.461,25.3,23/04/2018,0,11.8,,
UKM00003772,51.478,-0.461,25.3,24/04/2018,0,13.1,17.3,
UKM00003772,51.478,-0.461,25.3,25/04/2018,0.3,11,,7.8
UKM00003772,51.478,-0.461,25.3,26/04/2018,0.5,10.4,,
UKM00003772,51.478,-0.461,25.3,27/04/2018,1,9.6,,
UKM00003772,51.478,-0.461,25.3,28/04/2018,4.6,8.4,,
UKM00003772,51.478,-0.461,25.3,29/04/2018,0.8,7.3,8,
UKM00003772,51.478,-0.461,25.3,30/04/2018,1,7.2,,
UKM00003772,51.478,-0.461,25.3,01/05/2018,2.3,8.3,14.8,
UKM00003772,51.478,-0.461,25.3,02/05/2018,0.5,10,,
UKM00003772,51.478,-0.461,25.3,03/05/2018,4.3,10.9,,3.6
UKM00003772,51.478,-0.461,25.3,04/05/2018,0,14.6,,8.1
UKM00003772,51.478,-0.461,25.3,05/05/2018,0,15.6,,
UKM00003772,51.478,-0.461,25.3,06/05/2018,0,17.4,,
UKM00003772,51.478,-0.461,25.3,07/05/2018,0,19.8,,11
UKM00003772,51.478,-0.461,25.3,08/05/2018,0,17.9,,
UKM00003772,51.478,-0.461,25.3,09/05/2018,0,13.9,,
UKM00003772,51.478,-0.461,25.3,10/05/2018,1.5,12.8,,
UKM00003772,51.478,-0.461,25.3,11/05/2018,0,13.2,,6.3
UKM00003772,51.478,-0.461,25.3,12/05/2018,0,11.8,,
UKM00003772,51.478,-0.461,25.3,13/05/2018,9.1,12.8,,
UKM00003772,51.478,-0.461,25.3,14/05/2018,0,14.9,,
UKM00003772,51.478,-0.461,25.3,15/05/2018,0,16.8,,9.9
UKM00003772,51.478,-0.461,25.3,16/05/2018,0,12.7,,
UKM00003772,51.478,-0.461,25.3,17/05/2018,0,11.8,,6.8
UKM00003772,51.478,-0.461,25.3,18/05/2018,0,12.3,,
UKM00003772,51.478,-0.461,25.3,19/05/2018,0,14.9,,
UKM00003772,51.478,-0.461,25.3,20/05/2018,0,15.3,,
UKM00003772,51.478,-0.461,25.3,21/05/2018,0,16.7,,
UKM00003772,51.478,-0.461,25.3,22/05/2018,0,16.8,23.5,
UKM00003772,51.478,-0.461,25.3,23/05/2018,0,13.7,,10.6
UKM00003772,51.478,-0.461,25.3,24/05/2018,19.3,14,,10.5
UKM00003772,51.478,-0.461,25.3,25/05/2018,2.3,15.3,,12.9
UKM00003772,51.478,-0.461,25.3,26/05/2018,0,19.8,,14.8
UKM00003772,51.478,-0.461,25.3,27/05/2018,10.9,20.7,,
UKM00003772,51.478,-0.461,25.3,28/05/2018,0,19.6,,15.6
UKM00003772,51.478,-0.461,25.3,29/05/2018,0,15.3,,13.9
UKM00003772,51.478,-0.461,25.3,30/05/2018,10.7,15.6,,
UKM00003772,51.478,-0.461,25.3,31/05/2018,0,18.7,,14.4
UKM00003772,51.478,-0.461,25.3,01/06/2018,0,18.6,,15.9
UKM00003772,51.478,-0.461,25.3,02/06/2018,0,18.6,,14.9
UKM00003772,51.478,-0.461,25.3,03/06/2018,0,19.8,,
UKM00003772,51.478,-0.461,25.3,04/06/2018,0,16.2,,
UKM00003772,51.478,-0.461,25.3,05/06/2018,0,14.3,,
UKM00003772,51.478,-0.461,25.3,06/06/2018,0,15.8,,9
UKM00003772,51.478,-0.461,25.3,07/06/2018,0,16.7,,12.9
UKM00003772,51.478,-0.461,25.3,08/06/2018,0,17.7,,14
UKM00003772,51.478,-0.461,25.3,09/06/2018,0,16.8,,
UKM00003772,51.478,-0.461,25.3,10/06/2018,0,18.2,,
UKM00003772,51.478,-0.461,25.3,11/06/2018,0,18.4,,
UKM00003772,51.478,-0.461,25.3,12/06/2018,0,15.3,,
UKM00003772,51.478,-0.461,25.3,13/06/2018,0,16.2,,
UKM00003772,51.478,-0.461,25.3,14/06/2018,0,17.7,,
UKM00003772,51.478,-0.461,25.3,15/06/2018,0,17.1,,
UKM00003772,51.478,-0.461,25.3,16/06/2018,0,16.1,,
UKM00003772,51.478,-0.461,25.3,17/06/2018,0,15.5,,
UKM00003772,51.478,-0.461,25.3,18/06/2018,0.5,19.2,,
UKM00003772,51.478,-0.461,25.3,19/06/2018,0,20.2,,
UKM00003772,51.478,-0.461,25.3,20/06/2018,0,18.8,,14.7
UKM00003772,51.478,-0.461,25.3,21/06/2018,0,15.6,,10.7
UKM00003772,51.478,-0.461,25.3,22/06/2018,0,16.5,,8.8
UKM00003772,51.478,-0.461,25.3,23/06/2018,0,18.1,,
UKM00003772,51.478,-0.461,25.3,24/06/2018,0,19.9,,
UKM00003772,51.478,-0.461,25.3,25/06/2018,0,21.9,,
UKM00003772,51.478,-0.461,25.3,26/06/2018,0,21.7,,
UKM00003772,51.478,-0.461,25.3,27/06/2018,0,19.3,,13
UKM00003772,51.478,-0.461,25.3,28/06/2018,0,19.4,,12.7
UKM00003772,51.478,-0.461,25.3,29/06/2018,0,20.5,,
UKM00003772,51.478,-0.461,25.3,30/06/2018,0,20.3,,
UKM00003772,51.478,-0.461,25.3,01/07/2018,0,23.4,,
UKM00003772,51.478,-0.461,25.3,02/07/2018,0,23.3,30.1,
UKM00003772,51.478,-0.461,25.3,03/07/2018,0,20.9,,
UKM00003772,51.478,-0.461,25.3,04/07/2018,0,20.3,27,13.9
UKM00003772,51.478,-0.461,25.3,05/07/2018,0,23.2,30.1,
UKM00003772,51.478,-0.461,25.3,06/07/2018,0,23.8,,
UKM00003772,51.478,-0.461,25.3,07/07/2018,0,24.5,,
UKM00003772,51.478,-0.461,25.3,08/07/2018,0,23.5,,
UKM00003772,51.478,-0.461,25.3,09/07/2018,0,23.1,,
UKM00003772,51.478,-0.461,25.3,10/07/2018,0,18.7,,
UKM00003772,51.478,-0.461,25.3,11/07/2018,0,18.6,,13.9
UKM00003772,51.478,-0.461,25.3,12/07/2018,0,19.2,,13.7
UKM00003772,51.478,-0.461,25.3,13/07/2018,0,20.6,,15.7
UKM00003772,51.478,-0.461,25.3,14/07/2018,0,21.8,,14.9
UKM00003772,51.478,-0.461,25.3,15/07/2018,0,22.8,,
UKM00003772,51.478,-0.461,25.3,16/07/2018,0,22.7,,
UKM00003772,51.478,-0.461,25.3,17/07/2018,0,19.1,,
UKM00003772,51.478,-0.461,25.3,18/07/2018,0,20.1,,
UKM00003772,51.478,-0.461,25.3,19/07/2018,0,21.8,,
UKM00003772,51.478,-0.461,25.3,20/07/2018,0,21.2,,
UKM00003772,51.478,-0.461,25.3,21/07/2018,0,21.7,,
UKM00003772,51.478,-0.461,25.3,22/07/2018,0,22.7,,
UKM00003772,51.478,-0.461,25.3,23/07/2018,0,25.1,,
UKM00003772,51.478,-0.461,25.3,24/07/2018,0,23.5,,
UKM00003772,51.478,-0.461,25.3,25/07/2018,0,24.3,,
UKM00003772,51.478,-0.461,25.3,26/07/2018,0,26.6,,18.9
UKM00003772,51.478,-0.461,25.3,27/07/2018,0,23,,
UKM00003772,51.478,-0.461,25.3,28/07/2018,3.3,18.9,23,
UKM00003772,51.478,-0.461,25.3,29/07/2018,0.3,18.1,,
UKM00003772,51.478,-0.461,25.3,30/07/2018,6.1,19.8,,
UKM00003772,51.478,-0.461,25.3,31/07/2018,5.3,19.6,,15.9
UKM00003772,51.478,-0.461,25.3,01/08/2018,0,19.4,,
UKM00003772,51.478,-0.461,25.3,02/08/2018,0,22.3,,
UKM00003772,51.478,-0.461,25.3,03/08/2018,0,25.1,,
UKM00003772,51.478,-0.461,25.3,04/08/2018,0,23.6,,
UKM00003772,51.478,-0.461,25.3,05/08/2018,0,23.2,,17
UKM00003772,51.478,-0.461,25.3,06/08/2018,0,24.2,,16.6
UKM00003772,51.478,-0.461,25.3,07/08/2018,0,23.2,,
UKM00003772,51.478,-0.461,25.3,08/08/2018,0,19.1,,
UKM00003772,51.478,-0.461,25.3,09/08/2018,0.5,15.6,,
UKM00003772,51.478,-0.461,25.3,10/08/2018,7.9,15.2,,10.8
UKM00003772,51.478,-0.461,25.3,11/08/2018,2.3,15.8,,
UKM00003772,51.478,-0.461,25.3,12/08/2018,0.5,18.2,,
UKM00003772,51.478,-0.461,25.3,13/08/2018,1.5,19.2,,
UKM00003772,51.478,-0.461,25.3,14/08/2018,0,19.1,,
UKM00003772,51.478,-0.461,25.3,15/08/2018,0,19.7,,
UKM00003772,51.478,-0.461,25.3,16/08/2018,0,17.6,,
UKM00003772,51.478,-0.461,25.3,17/08/2018,9.9,17.3,,10.6
UKM00003772,51.478,-0.461,25.3,18/08/2018,0,18.8,,
UKM00003772,51.478,-0.461,25.3,19/08/2018,0,20.8,,17.5
UKM00003772,51.478,-0.461,25.3,20/08/2018,0,21.3,,
UKM00003772,51.478,-0.461,25.3,21/08/2018,0,21.6,,
UKM00003772,51.478,-0.461,25.3,22/08/2018,0,19.1,,
UKM00003772,51.478,-0.461,25.3,23/08/2018,0,18.7,22.9,
UKM00003772,51.478,-0.461,25.3,24/08/2018,1.3,14,21,
UKM00003772,51.478,-0.461,25.3,25/08/2018,5.3,13.4,,
UKM00003772,51.478,-0.461,25.3,26/08/2018,0,14.5,,10.8
UKM00003772,51.478,-0.461,25.3,27/08/2018,10.9,16.7,,
UKM00003772,51.478,-0.461,25.3,28/08/2018,0,17.3,,
UKM00003772,51.478,-0.461,25.3,29/08/2018,4.3,16.1,,
UKM00003772,51.478,-0.461,25.3,30/08/2018,3.3,15.4,,
UKM00003772,51.478,-0.461,25.3,31/08/2018,0,16.6,,
UKM00003772,51.478,-0.461,25.3,01/09/2018,0,17.8,,
UKM00003772,51.478,-0.461,25.3,02/09/2018,0,18.1,,
UKM00003772,51.478,-0.461,25.3,03/09/2018,0,18.2,,
UKM00003772,51.478,-0.461,25.3,04/09/2018,0,16.6,,
UKM00003772,51.478,-0.461,25.3,05/09/2018,0,17.6,,13.8
UKM00003772,51.478,-0.461,25.3,06/09/2018,0,15.7,,
UKM00003772,51.478,-0.461,25.3,07/09/2018,0.3,13.6,,
UKM00003772,51.478,-0.461,25.3,08/09/2018,0,15.2,,8.9
UKM00003772,51.478,-0.461,25.3,09/09/2018,0,18.3,,
UKM00003772,51.478,-0.461,25.3,10/09/2018,0,17.3,,
UKM00003772,51.478,-0.461,25.3,11/09/2018,0,19.4,,16.4