date,bidclose,tickqty
2013-06-11 21:00:00,1.56451,109370
2013-06-12 21:00:00,1.56765,87703
2013-06-13 21:00:00,1.57186,104153
2013-06-14 21:00:00,1.56981,87824
2013-06-16 21:00:00,1.57283,202
2013-06-17 21:00:00,1.57204,63908
2013-06-18 21:00:00,1.56428,76649
2013-06-19 21:00:00,1.54844,85587
2013-06-20 21:00:00,1.55076,121610
2013-06-21 21:00:00,1.5417,101013
2013-06-23 21:00:00,1.53723,64
2013-06-24 21:00:00,1.54341,96801
2013-06-25 21:00:00,1.54216,94808
2013-06-26 21:00:00,1.53133,89550
2013-06-27 21:00:00,1.52585,81734
2013-06-28 21:00:00,1.52081,85288
2013-06-30 21:00:00,1.51994,57
2013-07-01 21:00:00,1.52147,66763
2013-07-02 21:00:00,1.51538,72046
2013-07-03 21:00:00,1.52776,85596
2013-07-04 21:00:00,1.50689,82989
2013-07-05 21:00:00,1.48831,95763
2013-07-07 21:00:00,1.48708,113
2013-07-08 21:00:00,1.49498,62069
2013-07-09 21:00:00,1.48652,82484
2013-07-10 21:00:00,1.50075,91907
2013-07-11 21:00:00,1.51811,141563
2013-07-12 21:00:00,1.50982,81317
2013-07-15 21:00:00,1.50987,74808
2013-07-16 21:00:00,1.51582,93564
2013-07-17 21:00:00,1.52117,105412
2013-07-18 21:00:00,1.52233,81638
2013-07-19 21:00:00,1.52613,71836
2013-07-21 21:00:00,1.52641,85
2013-07-22 21:00:00,1.53598,69578
2013-07-23 21:00:00,1.53689,70440
2013-07-24 21:00:00,1.53143,83342
2013-07-25 21:00:00,1.53884,91265
2013-07-26 21:00:00,1.53807,69957
2013-07-28 21:00:00,1.53773,62
2013-07-29 21:00:00,1.53357,45130
2013-07-30 21:00:00,1.52358,71768
2013-07-31 21:00:00,1.52075,97111
2013-08-01 21:00:00,1.51183,99920
2013-08-02 21:00:00,1.52856,96558
2013-08-04 21:00:00,1.5286,14
2013-08-05 21:00:00,1.53532,73030
2013-08-06 21:00:00,1.53469,66136
2013-08-07 21:00:00,1.54874,105159
2013-08-08 21:00:00,1.55373,74960
2013-08-09 21:00:00,1.55055,57835
2013-08-11 21:00:00,1.54829,119
2013-08-12 21:00:00,1.54614,54081
2013-08-13 21:00:00,1.54468,72158
2013-08-14 21:00:00,1.54996,75863
2013-08-15 21:00:00,1.56318,104209
2013-08-16 21:00:00,1.56204,72182
2013-08-18 21:00:00,1.56105,2
2013-08-19 21:00:00,1.56478,67704
2013-08-20 21:00:00,1.56638,73478
2013-08-21 21:00:00,1.56598,84145
2013-08-22 21:00:00,1.55875,75970
2013-08-23 21:00:00,1.55645,72824
2013-08-25 21:00:00,1.55626,18
2013-08-26 21:00:00,1.55727,40513
2013-08-27 21:00:00,1.55442,68921
2013-08-28 21:00:00,1.55255,84033
2013-08-29 21:00:00,1.55036,72481
2013-08-30 21:00:00,1.54958,67184
2013-09-01 21:00:00,1.55278,298
2013-09-02 21:00:00,1.55425,54253
2013-09-03 21:00:00,1.55602,67345
2013-09-04 21:00:00,1.56238,59310
2013-09-05 21:00:00,1.55886,76952
2013-09-06 21:00:00,1.56239,65428
2013-09-08 21:00:00,1.56126,359
2013-09-09 21:00:00,1.56934,54893
2013-09-10 21:00:00,1.5732,54505
2013-09-11 21:00:00,1.58172,66980
2013-09-12 21:00:00,1.58038,68624
2013-09-13 21:00:00,1.58719,68653
2013-09-15 21:00:00,1.59269,1544
2013-09-16 21:00:00,1.58972,61329
2013-09-17 21:00:00,1.59029,60885
2013-09-18 21:00:00,1.61418,88382
2013-09-19 21:00:00,1.60304,82172
2013-09-20 21:00:00,1.60045,59727
2013-09-22 21:00:00,1.6002,669
2013-09-23 21:00:00,1.60432,61114
2013-09-24 21:00:00,1.60029,59904
2013-09-25 21:00:00,1.60803,62388
2013-09-26 21:00:00,1.604,56202
2013-09-27 21:00:00,1.61361,63416
2013-09-29 21:00:00,1.614,1299
2013-09-30 21:00:00,1.61844,71013
2013-10-01 21:00:00,1.6193,76710
2013-10-02 21:00:00,1.62231,71603
2013-10-03 21:00:00,1.61545,69546
2013-10-04 21:00:00,1.60073,62152
2013-10-06 21:00:00,1.60178,183
2013-10-07 21:00:00,1.60941,53293
2013-10-08 21:00:00,1.60833,57765
2013-10-09 21:00:00,1.59548,74598
2013-10-10 21:00:00,1.5967,57403
2013-10-11 21:00:00,1.59481,51249
2013-10-13 21:00:00,1.59705,602
2013-10-14 21:00:00,1.5981,40036
2013-10-15 21:00:00,1.59963,66114
2013-10-16 21:00:00,1.59472,75355
2013-10-17 21:00:00,1.61626,86724
2013-10-18 21:00:00,1.61649,50260
2013-10-20 21:00:00,1.61676,122
2013-10-21 21:00:00,1.61457,41906
2013-10-22 21:00:00,1.62338,52026
2013-10-23 21:00:00,1.61628,59399
2013-10-24 21:00:00,1.62008,63562
2013-10-25 21:00:00,1.61625,60250
2013-10-27 21:00:00,1.61605,130
2013-10-28 21:00:00,1.61404,47593
2013-10-29 21:00:00,1.60465,65594
2013-10-30 21:00:00,1.60383,71403
2013-10-31 21:00:00,1.60366,80892
2013-11-01 21:00:00,1.59196,66594
2013-11-03 22:00:00,1.5925,151
2013-11-04 22:00:00,1.59676,46844
2013-11-05 22:00:00,1.60422,63592
2013-11-06 22:00:00,1.60786,54797
2013-11-07 22:00:00,1.60946,91867
2013-11-08 22:00:00,1.60164,81912
2013-11-10 22:00:00,1.60004,23
2013-11-11 22:00:00,1.59875,46371
2013-11-12 22:00:00,1.59025,69155
2013-11-13 22:00:00,1.60553,73004
2013-11-14 22:00:00,1.60638,75846
2013-11-15 22:00:00,1.61147,57005
2013-11-17 22:00:00,1.61175,169
2013-11-18 22:00:00,1.6109,53921
2013-11-19 22:00:00,1.61188,65643
2013-11-20 22:00:00,1.61035,85818
2013-11-21 22:00:00,1.61974,77659
2013-11-22 22:00:00,1.62215,58404
2013-11-24 22:00:00,1.6221,249
2013-11-25 22:00:00,1.61543,53981
2013-11-26 22:00:00,1.62127,55458
2013-11-27 22:00:00,1.62855,67296
2013-11-28 22:00:00,1.63399,47340
2013-11-29 22:00:00,1.63619,64531
2013-12-01 22:00:00,1.63652,567
2013-12-02 22:00:00,1.63539,131212
2013-12-03 22:00:00,1.63892,116136
2013-12-04 22:00:00,1.63817,163331
2013-12-05 22:00:00,1.6333,172992
2013-12-06 22:00:00,1.63435,147259
2013-12-08 22:00:00,1.63438,530
2013-12-09 22:00:00,1.64277,90710
2013-12-10 22:00:00,1.64442,97668
2013-12-11 22:00:00,1.63745,114016
2013-12-12 22:00:00,1.63476,120544
2013-12-13 22:00:00,1.62932,109957
2013-12-15 22:00:00,1.62885,6
2013-12-16 22:00:00,1.62991,104193
2013-12-17 22:00:00,1.62625,108314
2013-12-18 22:00:00,1.63886,176764
2013-12-19 22:00:00,1.6372,110981
2013-12-20 22:00:00,1.63266,108665
2013-12-22 22:00:00,1.63353,233
2013-12-23 22:00:00,1.63522,82600
2013-12-24 22:00:00,1.63678,61296
2013-12-26 22:00:00,1.64091,54611
2013-12-27 22:00:00,1.64734,114972
2013-12-29 22:00:00,1.64734,222
2013-12-30 22:00:00,1.64962,92096
2013-12-31 22:00:00,1.65711,55302
2014-01-02 22:00:00,1.64476,133139
2014-01-03 22:00:00,1.6412,106801
2014-01-05 22:00:00,1.63922,813
2014-01-06 22:00:00,1.6404,106236
2014-01-07 22:00:00,1.64012,103442
2014-01-08 22:00:00,1.64469,119062
2014-01-09 22:00:00,1.6479,112265
2014-01-10 22:00:00,1.64813,118651
2014-01-12 22:00:00,1.64794,280
2014-01-13 22:00:00,1.6386,104982
2014-01-14 22:00:00,1.64374,99707
2014-01-15 22:00:00,1.63693,105846
2014-01-16 22:00:00,1.63527,106523
2014-01-17 22:00:00,1.64175,104984
2014-01-19 22:00:00,1.64183,348
2014-01-20 22:00:00,1.64244,63387
2014-01-21 22:00:00,1.64776,100696
2014-01-22 22:00:00,1.65729,110464
2014-01-23 22:00:00,1.66367,140534
2014-01-24 22:00:00,1.64774,148404
2014-01-26 22:00:00,1.65003,603
2014-01-27 22:00:00,1.65822,120209
2014-01-28 22:00:00,1.65756,107990
2014-01-29 22:00:00,1.65599,144070
2014-01-30 22:00:00,1.64848,125515
2014-01-31 22:00:00,1.64336,143788
2014-02-02 22:00:00,1.64177,626
2014-02-03 22:00:00,1.63045,136703
2014-02-04 22:00:00,1.63231,117918
2014-02-05 22:00:00,1.6308,128641
2014-02-06 22:00:00,1.63197,127174
2014-02-07 22:00:00,1.64025,123316
2014-02-09 22:00:00,1.63946,423
2014-02-10 22:00:00,1.63996,82646
2014-02-11 22:00:00,1.64489,111584
2014-02-12 22:00:00,1.65949,138913
2014-02-13 22:00:00,1.66556,127474
2014-02-14 22:00:00,1.67425,97733
2014-02-16 22:00:00,1.67651,872
2014-02-17 22:00:00,1.67121,86586
2014-02-18 22:00:00,1.66812,114548
2014-02-19 22:00:00,1.66777,111961
2014-02-20 22:00:00,1.66476,113942
2014-02-21 22:00:00,1.66146,116718
2014-02-23 22:00:00,1.66246,318
2014-02-24 22:00:00,1.66544,96124
2014-02-25 22:00:00,1.66781,112628
2014-02-26 22:00:00,1.66664,125959
2014-02-27 22:00:00,1.66836,129216
2014-02-28 22:00:00,1.67359,148001
2014-03-02 22:00:00,1.67115,1158
2014-03-03 22:00:00,1.66643,132849
2014-03-04 22:00:00,1.66639,107918
2014-03-05 22:00:00,1.67156,115967
2014-03-06 22:00:00,1.67394,136241
2014-03-07 21:00:00,1.67096,113689
2014-03-09 21:00:00,1.67261,262
2014-03-10 21:00:00,1.66431,96903
2014-03-11 21:00:00,1.66149,88432
2014-03-12 21:00:00,1.66156,105114
2014-03-13 21:00:00,1.66231,135329
2014-03-14 21:00:00,1.66421,123341
2014-03-16 21:00:00,1.66336,543
2014-03-17 21:00:00,1.6635,78479
2014-03-18 21:00:00,1.65909,110168
2014-03-19 21:00:00,1.65384,140775
2014-03-20 21:00:00,1.65016,112525
2014-03-21 21:00:00,1.64836,81099
2014-03-23 21:00:00,1.64596,737
2014-03-24 21:00:00,1.64956,94018
2014-03-25 21:00:00,1.6527,114418
2014-03-26 21:00:00,1.65774,111816
2014-03-27 21:00:00,1.6609,121157
2014-03-28 21:00:00,1.66346,101253
2014-03-30 21:00:00,1.66546,639
2014-03-31 21:00:00,1.66598,130001
2014-04-01 21:00:00,1.66286,88440
2014-04-02 21:00:00,1.66245,87031
2014-04-03 21:00:00,1.65959,128283
2014-04-04 21:00:00,1.65719,110276
2014-04-06 21:00:00,1.65742,5
2014-04-07 21:00:00,1.66051,75866
2014-04-08 21:00:00,1.67422,102171
2014-04-09 21:00:00,1.67911,107438
2014-04-10 21:00:00,1.6783,96747
2014-04-11 21:00:00,1.6727,89730
2014-04-13 21:00:00,1.67128,843
2014-04-14 21:00:00,1.67273,96270
2014-04-15 21:00:00,1.67241,98432
2014-04-16 21:00:00,1.67935,98954
2014-04-17 21:00:00,1.67899,84907
2014-04-18 21:00:00,1.67835,25415
2014-04-21 21:00:00,1.67886,31963
2014-04-22 21:00:00,1.68196,69697
2014-04-23 21:00:00,1.67805,89986
2014-04-24 21:00:00,1.67986,74897
2014-04-25 21:00:00,1.67969,62240
2014-04-27 21:00:00,1.68018,162
2014-04-28 21:00:00,1.68046,82082
2014-04-29 21:00:00,1.68258,84593
2014-04-30 21:00:00,1.68706,111302
2014-05-01 21:00:00,1.68906,70975
2014-05-02 21:00:00,1.68716,102237
2014-05-04 21:00:00,1.68775,386
2014-05-05 21:00:00,1.68625,53027
2014-05-06 21:00:00,1.69719,106379
2014-05-07 21:00:00,1.69501,84343
2014-05-08 21:00:00,1.693,127143
2014-05-09 21:00:00,1.6845,100843
2014-05-11 21:00:00,1.68427,165
2014-05-12 21:00:00,1.68655,69008
2014-05-13 21:00:00,1.68234,106159
2014-05-14 21:00:00,1.67649,124293
2014-05-15 21:00:00,1.67863,122096
2014-05-16 21:00:00,1.6808,88859
2014-05-18 21:00:00,1.68143,124
2014-05-19 21:00:00,1.68118,99329
2014-05-20 21:00:00,1.68368,85967
2014-05-21 21:00:00,1.6897,112845
2014-05-22 21:00:00,1.6865,96427
2014-05-23 21:00:00,1.68264,79494
2014-05-25 21:00:00,1.68334,98
2014-05-26 21:00:00,1.68391,40527
2014-05-27 21:00:00,1.68075,89541
2014-05-28 21:00:00,1.67079,102583
2014-05-29 21:00:00,1.67162,85799
2014-05-30 21:00:00,1.67518,89077
2014-06-01 21:00:00,1.67672,198
2014-06-02 21:00:00,1.67451,82256
2014-06-03 21:00:00,1.67468,112011
2014-06-04 21:00:00,1.67338,104094
2014-06-05 21:00:00,1.68192,169824
2014-06-06 21:00:00,1.67946,118378
2014-06-08 21:00:00,1.67994,128
2014-06-09 21:00:00,1.67996,81828
2014-06-10 21:00:00,1.67557,109860
2014-06-11 21:00:00,1.67857,97229
2014-06-12 21:00:00,1.69272,139882
2014-06-13 21:00:00,1.69622,148785
2014-06-15 21:00:00,1.69713,517
2014-06-16 21:00:00,1.69818,118851
2014-06-17 21:00:00,1.69638,108647
2014-06-18 21:00:00,1.69914,152941
2014-06-19 21:00:00,1.70381,126299
2014-06-20 21:00:00,1.70125,100075
2014-06-22 21:00:00,1.70052,264
2014-06-23 21:00:00,1.70264,93383
2014-06-24 21:00:00,1.6984,112483
2014-06-25 21:00:00,1.69826,97580
2014-06-26 21:00:00,1.70232,106591
2014-06-27 21:00:00,1.70286,74267
2014-06-29 21:00:00,1.70253,11
2014-06-30 21:00:00,1.71048,96980
2014-07-01 21:00:00,1.71482,88992
2014-07-02 21:00:00,1.71638,98452
2014-07-03 21:00:00,1.71533,119746
2014-07-04 21:00:00,1.71581,80296
2014-07-06 21:00:00,1.71668,145
2014-07-07 21:00:00,1.71244,81420
2014-07-08 21:00:00,1.71303,92635
2014-07-09 21:00:00,1.71548,105846
2014-07-10 21:00:00,1.71309,107915
2014-07-11 21:00:00,1.71175,93921
2014-07-13 21:00:00,1.71178,213
2014-07-14 21:00:00,1.70822,108295
2014-07-15 21:00:00,1.71411,149672
2014-07-16 21:00:00,1.71345,119200
2014-07-17 21:00:00,1.70994,102673
2014-07-18 21:00:00,1.70796,126737
2014-07-20 21:00:00,1.70812,97
2014-07-21 21:00:00,1.70743,91952
2014-07-22 21:00:00,1.70633,93451
2014-07-23 21:00:00,1.70422,105122
2014-07-24 21:00:00,1.69855,98394
2014-07-25 21:00:00,1.69712,91436
2014-07-27 21:00:00,1.69773,303
2014-07-28 21:00:00,1.6982,74705
2014-07-29 21:00:00,1.69413,105030
2014-07-30 21:00:00,1.69119,139258
2014-07-31 21:00:00,1.68823,111500
2014-08-01 21:00:00,1.68206,163120
2014-08-03 21:00:00,1.68241,307
2014-08-04 21:00:00,1.68615,93852
2014-08-05 21:00:00,1.68837,100207
2014-08-06 21:00:00,1.68492,93267
2014-08-07 21:00:00,1.68312,106995
2014-08-08 21:00:00,1.67704,122022
2014-08-10 21:00:00,1.6777,318
2014-08-11 21:00:00,1.67848,62949
2014-08-12 21:00:00,1.68104,80864
2014-08-13 21:00:00,1.66867,124526
2014-08-14 21:00:00,1.66846,93508
2014-08-15 21:00:00,1.66883,95386
2014-08-17 21:00:00,1.67298,1363
2014-08-18 21:00:00,1.67256,69012
2014-08-19 21:00:00,1.66149,95790
2014-08-20 21:00:00,1.65944,112832
2014-08-21 21:00:00,1.65783,89975
2014-08-22 21:00:00,1.65666,106003
2014-08-24 21:00:00,1.65448,1371
2014-08-25 21:00:00,1.65783,79293
2014-08-26 21:00:00,1.65384,102577
2014-08-27 21:00:00,1.65746,109807
2014-08-28 21:00:00,1.65849,125381
2014-08-29 21:00:00,1.65947,117762
2014-08-31 21:00:00,1.65918,342
2014-09-01 21:00:00,1.66064,94796
2014-09-02 21:00:00,1.64678,135237
2014-09-03 21:00:00,1.64595,132754
2014-09-04 21:00:00,1.63269,166235
2014-09-05 21:00:00,1.63238,154365
2014-09-07 21:00:00,1.6161,4080
2014-09-08 21:00:00,1.61037,194322
2014-09-09 21:00:00,1.61051,211217
2014-09-10 21:00:00,1.62085,230647
2014-09-11 21:00:00,1.62526,204863
2014-09-12 21:00:00,1.62643,166534
2014-09-14 21:00:00,1.62714,770
2014-09-15 21:00:00,1.62315,148436
2014-09-16 21:00:00,1.62739,194269
2014-09-17 21:00:00,1.62693,248740
2014-09-18 21:00:00,1.63883,255715
2014-09-19 21:00:00,1.62842,334781
2014-09-21 21:00:00,1.62938,658
2014-09-22 21:00:00,1.63606,156657
2014-09-23 21:00:00,1.63868,174256
2014-09-24 21:00:00,1.63384,147744
2014-09-25 21:00:00,1.63142,196443
2014-09-26 21:00:00,1.62394,155952
2014-09-28 21:00:00,1.62362,527
2014-09-29 21:00:00,1.62395,154921
2014-09-30 21:00:00,1.62116,204775
2014-10-01 21:00:00,1.61839,180142
2014-10-02 21:00:00,1.61429,229121
2014-10-03 21:00:00,1.59597,165278
2014-10-05 21:00:00,1.59544,582
2014-10-06 21:00:00,1.60816,132519
2014-10-07 21:00:00,1.60925,186393
2014-10-08 21:00:00,1.6166,200590
2014-10-09 21:00:00,1.61166,208631
2014-10-10 21:00:00,1.60712,206080
2014-10-12 21:00:00,1.60731,820
2014-10-13 21:00:00,1.60805,188719
2014-10-14 21:00:00,1.59004,217545
2014-10-15 21:00:00,1.60175,390116
2014-10-16 21:00:00,1.60855,369118
2014-10-17 21:00:00,1.60865,198705
2014-10-19 21:00:00,1.61017,1263
2014-10-20 21:00:00,1.61622,158550
2014-10-21 21:00:00,1.61074,171400
2014-10-22 21:00:00,1.60495,180580
2014-10-23 21:00:00,1.60268,172651
2014-10-24 21:00:00,1.60863,153768
2014-10-26 21:00:00,1.6078,648
2014-10-27 21:00:00,1.61187,124482
2014-10-28 21:00:00,1.61302,158581
2014-10-29 21:00:00,1.60108,167483
2014-10-30 21:00:00,1.59987,184651
2014-10-31 21:00:00,1.59943,232883
2014-11-02 22:00:00,1.59602,963
2014-11-03 22:00:00,1.59707,188282
2014-11-04 22:00:00,1.60016,171396
2014-11-05 22:00:00,1.59746,212757
2014-11-06 22:00:00,1.58301,278895
2014-11-07 22:00:00,1.58697,240123
2014-11-09 22:00:00,1.58822,647
2014-11-10 22:00:00,1.58412,154072
2014-11-11 22:00:00,1.59153,163744
2014-11-12 22:00:00,1.57753,255452
2014-11-13 22:00:00,1.57086,185365
2014-11-14 22:00:00,1.56663,231300
2014-11-16 22:00:00,1.56815,680
2014-11-17 22:00:00,1.56393,173730
2014-11-18 22:00:00,1.56298,176573
2014-11-19 22:00:00,1.56811,212584
2014-11-20 22:00:00,1.56917,256186
2014-11-21 22:00:00,1.56526,291203
2014-11-23 22:00:00,1.56352,270
2014-11-24 22:00:00,1.57046,216244
2014-11-25 22:00:00,1.57064,237694
2014-11-26 22:00:00,1.57902,235097
2014-11-27 22:00:00,1.57352,212365
2014-11-28 22:00:00,1.56514,258363
2014-11-30 22:00:00,1.5648,342
2014-12-01 22:00:00,1.57283,291557
2014-12-02 22:00:00,1.56358,230551
2014-12-03 22:00:00,1.56849,248328
2014-12-04 22:00:00,1.56722,327015
2014-12-05 22:00:00,1.55829,248180
2014-12-07 22:00:00,1.55685,405
2014-12-08 22:00:00,1.56462,241782
2014-12-09 22:00:00,1.5662,311317
2014-12-10 22:00:00,1.5715,269618
2014-12-11 22:00:00,1.57297,298950
2014-12-12 22:00:00,1.57151,250706
2014-12-14 22:00:00,1.5723,630
2014-12-15 22:00:00,1.56357,256000
2014-12-16 22:00:00,1.57482,316024
2014-12-17 22:00:00,1.5573,374844
2014-12-18 22:00:00,1.56654,286894
2014-12-19 22:00:00,1.56209,227903
2014-12-21 22:00:00,1.56209,199
2014-12-22 22:00:00,1.55885,154952
2014-12-23 22:00:00,1.55179,208558
2014-12-24 22:00:00,1.55558,163983
2014-12-26 22:00:00,1.55546,123805
2014-12-28 22:00:00,1.55594,377
2014-12-29 22:00:00,1.55096,164309
2014-12-30 22:00:00,1.55593,198021
2014-12-31 22:00:00,1.55746,164723
2015-01-02 22:00:00,1.53256,191340
2015-01-04 22:00:00,1.53018,1926
2015-01-05 22:00:00,1.52449,278410
2015-01-06 22:00:00,1.51503,276782
2015-01-07 22:00:00,1.51095,307334
2015-01-08 22:00:00,1.50837,239849
2015-01-09 22:00:00,1.51562,295386
2015-01-11 22:00:00,1.51754,919
2015-01-12 22:00:00,1.51709,209905
2015-01-13 22:00:00,1.51552,257256
2015-01-14 22:00:00,1.52299,304587
2015-01-15 22:00:00,1.51762,434879
2015-01-16 22:00:00,1.51316,364180
2015-01-18 22:00:00,1.51209,354
2015-01-19 22:00:00,1.51093,341688
2015-01-20 22:00:00,1.51421,232784
2015-01-21 22:00:00,1.51409,277620
2015-01-22 22:00:00,1.50083,345018
2015-01-23 22:00:00,1.49902,345660
2015-01-25 22:00:00,1.50106,2248
2015-01-26 22:00:00,1.50567,233832
2015-01-27 22:00:00,1.51945,254883
2015-01-28 22:00:00,1.51312,262553
2015-01-29 22:00:00,1.50622,225103
2015-01-30 22:00:00,1.50492,227469
2015-02-01 22:00:00,1.50967,2053
2015-02-02 22:00:00,1.50384,171864
2015-02-03 22:00:00,1.51648,191097
2015-02-04 22:00:00,1.51786,187738
2015-02-05 22:00:00,1.53248,181492
2015-02-06 22:00:00,1.52339,171697
2015-02-08 22:00:00,1.52247,1986
2015-02-09 22:00:00,1.5215,149100
2015-02-10 22:00:00,1.52535,174434
2015-02-11 22:00:00,1.52294,156193
2015-02-12 22:00:00,1.53829,216366
2015-02-13 22:00:00,1.538,158334
2015-02-15 22:00:00,1.54221,1717
2015-02-16 22:00:00,1.53586,170164
2015-02-17 22:00:00,1.53514,150500
2015-02-18 22:00:00,1.54359,176567
2015-02-19 22:00:00,1.54123,148360
2015-02-20 22:00:00,1.53992,180390
2015-02-22 22:00:00,1.53922,1061
2015-02-23 22:00:00,1.54557,99327
2015-02-24 22:00:00,1.54517,135700
2015-02-25 22:00:00,1.55268,125673
2015-02-26 22:00:00,1.54033,158222
2015-02-27 22:00:00,1.54307,151330
2015-03-01 22:00:00,1.54155,380
2015-03-02 22:00:00,1.53644,104971
2015-03-03 22:00:00,1.53559,99988
2015-03-04 22:00:00,1.52635,135140
2015-03-05 22:00:00,1.52373,164169
2015-03-06 22:00:00,1.50211,187787
2015-03-08 21:00:00,1.50309,282
2015-03-09 21:00:00,1.51268,106961
2015-03-10 21:00:00,1.50656,190956
2015-03-11 21:00:00,1.4927,244357
2015-03-12 21:00:00,1.48812,214761
2015-03-13 21:00:00,1.47264,189509
2015-03-15 21:00:00,1.47225,870
2015-03-16 21:00:00,1.48256,135409
2015-03-17 21:00:00,1.47475,144899
2015-03-18 21:00:00,1.49762,268448
2015-03-19 21:00:00,1.47494,297372
2015-03-20 21:00:00,1.49524,241216
2015-03-22 21:00:00,1.49697,373
2015-03-23 21:00:00,1.49507,277266
2015-03-24 21:00:00,1.48469,241942
2015-03-25 21:00:00,1.48801,208524
2015-03-26 21:00:00,1.48443,236908
2015-03-27 21:00:00,1.487,213022
2015-03-29 21:00:00,1.48851,309
2015-03-30 21:00:00,1.48094,165517
2015-03-31 21:00:00,1.48142,190595
2015-04-01 21:00:00,1.48226,247232
2015-04-02 21:00:00,1.4826,177940
2015-04-03 21:00:00,1.49154,115944
2015-04-05 21:00:00,1.49146,157
2015-04-06 21:00:00,1.48736,79476
2015-04-07 21:00:00,1.48065,184356
2015-04-08 21:00:00,1.4866,207433
2015-04-09 21:00:00,1.47083,182281
2015-04-10 21:00:00,1.4631,185527
2015-04-12 21:00:00,1.46204,109
2015-04-13 21:00:00,1.46722,190557
2015-04-14 21:00:00,1.47764,221845
2015-04-15 21:00:00,1.48376,226171
2015-04-16 21:00:00,1.49289,226451
2015-04-17 21:00:00,1.49588,208765
2015-04-19 21:00:00,1.49537,456
2015-04-20 21:00:00,1.49035,165019
2015-04-21 21:00:00,1.49254,181846
2015-04-22 21:00:00,1.5034,202666
2015-04-23 21:00:00,1.50518,199768
2015-04-24 21:00:00,1.51854,215965
2015-04-26 21:00:00,1.5175,234
2015-04-27 21:00:00,1.5234,184778
2015-04-28 21:00:00,1.53379,204451
2015-04-29 21:00:00,1.54327,282801
2015-04-30 21:00:00,1.5351,281602
2015-05-01 21:00:00,1.51345,178946
2015-05-03 21:00:00,1.51449,409
2015-05-04 21:00:00,1.51172,189372
2015-05-05 21:00:00,1.51786,229924
2015-05-06 21:00:00,1.52436,282771
2015-05-07 21:00:00,1.52412,256702
2015-05-08 21:00:00,1.5437,389419
2015-05-10 21:00:00,1.54409,276
2015-05-11 21:00:00,1.55851,204091
2015-05-12 21:00:00,1.56664,210047
2015-05-13 21:00:00,1.5744,237449
2015-05-14 21:00:00,1.57742,209317
2015-05-15 21:00:00,1.57243,240060
2015-05-17 21:00:00,1.57343,223
2015-05-18 21:00:00,1.56518,201493
2015-05-19 21:00:00,1.55109,278363
2015-05-20 21:00:00,1.55316,315692
2015-05-21 21:00:00,1.56594,265152
2015-05-22 21:00:00,1.54796,277008
2015-05-24 21:00:00,1.54677,50
2015-05-25 21:00:00,1.54666,87009
2015-05-26 21:00:00,1.53832,291279
2015-05-27 21:00:00,1.53498,283394
2015-05-28 21:00:00,1.53107,275637
2015-05-29 21:00:00,1.52893,260462
2015-05-31 21:00:00,1.52905,307
2015-06-01 21:00:00,1.51986,262792
2015-06-02 21:00:00,1.53423,257634
2015-06-03 21:00:00,1.53391,239242
2015-06-04 21:00:00,1.53577,241487
2015-06-05 21:00:00,1.52614,280137
2015-06-07 21:00:00,1.52563,644
2015-06-08 21:00:00,1.53464,217063
2015-06-09 21:00:00,1.53838,238757
2015-06-10 21:00:00,1.55281,301524
2015-06-11 21:00:00,1.55165,230550
2015-06-12 21:00:00,1.5552,259886
2015-06-14 21:00:00,1.55422,802
2015-06-15 21:00:00,1.55992,215450
2015-06-16 21:00:00,1.56459,231500
2015-06-17 21:00:00,1.5831,304425
2015-06-18 21:00:00,1.58734,304358
2015-06-19 21:00:00,1.5871,196226
2015-06-21 21:00:00,1.58679,347
2015-06-22 21:00:00,1.58215,203942
2015-06-23 21:00:00,1.57288,235228
2015-06-24 21:00:00,1.57012,248841
2015-06-25 21:00:00,1.57472,257330
2015-06-26 21:00:00,1.57469,235283
2015-06-28 21:00:00,1.56884,4325
2015-06-29 21:00:00,1.57333,440925
2015-06-30 21:00:00,1.57129,337670
2015-07-01 21:00:00,1.56102,302763
2015-07-02 21:00:00,1.56047,253328
2015-07-03 21:00:00,1.55621,223675
2015-07-05 21:00:00,1.55443,4377
2015-07-06 21:00:00,1.55983,301009
2015-07-07 21:00:00,1.5461,344012
2015-07-08 21:00:00,1.53593,304007
2015-07-09 21:00:00,1.53782,279173
2015-07-10 21:00:00,1.55118,309548
2015-07-12 21:00:00,1.54978,821
2015-07-13 21:00:00,1.54856,305649
2015-07-14 21:00:00,1.56349,315183
2015-07-15 21:00:00,1.56326,295649
2015-07-16 21:00:00,1.56037,341613
2015-07-17 21:00:00,1.55973,243191
2015-07-20 21:00:00,1.55575,239914
2015-07-21 21:00:00,1.55525,281435
2015-07-22 21:00:00,1.56109,297726
2015-07-23 21:00:00,1.55105,295300
2015-07-24 21:00:00,1.55052,236347
2015-07-26 21:00:00,1.55123,281
2015-07-27 21:00:00,1.55585,285169
2015-07-28 21:00:00,1.56119,290092
2015-07-29 21:00:00,1.55964,333418
2015-07-30 21:00:00,1.55959,310194
2015-07-31 21:00:00,1.56153,386917
2015-08-02 21:00:00,1.56282,332
2015-08-03 21:00:00,1.55828,309431
2015-08-04 21:00:00,1.55591,325660
2015-08-05 21:00:00,1.56004,345580
2015-08-06 21:00:00,1.55112,307045
2015-08-07 21:00:00,1.54907,348818
2015-08-09 21:00:00,1.54904,274
2015-08-10 21:00:00,1.55863,273350
2015-08-11 21:00:00,1.55649,340371
2015-08-12 21:00:00,1.56082,356479
2015-08-13 21:00:00,1.56062,278606
2015-08-14 21:00:00,1.56437,254173
2015-08-16 21:00:00,1.56483,132
2015-08-17 21:00:00,1.5581,253918
2015-08-18 21:00:00,1.56555,249871
2015-08-19 21:00:00,1.56782,343581
2015-08-20 21:00:00,1.56879,316369
2015-08-21 21:00:00,1.56879,349102
2015-08-23 21:00:00,1.56757,610
2015-08-24 21:00:00,1.57712,571539
2015-08-25 21:00:00,1.56859,467893
2015-08-26 21:00:00,1.54577,445683
2015-08-27 21:00:00,1.54007,354530
2015-08-28 21:00:00,1.5385,302569
2015-08-30 21:00:00,1.54084,1297
2015-08-31 21:00:00,1.53415,232781
2015-09-01 21:00:00,1.53026,335837
2015-09-02 21:00:00,1.52924,314058
2015-09-03 21:00:00,1.52546,277683
2015-09-04 21:00:00,1.5167,253614
2015-09-06 21:00:00,1.51746,341
2015-09-07 21:00:00,1.52688,293491
2015-09-08 21:00:00,1.53922,245052
2015-09-09 21:00:00,1.53659,237766
2015-09-10 21:00:00,1.54408,305050
2015-09-11 21:00:00,1.54272,245681
2015-09-13 21:00:00,1.54259,79
2015-09-14 21:00:00,1.54236,203023
2015-09-15 21:00:00,1.53422,198990
2015-09-16 21:00:00,1.54879,217820
2015-09-17 21:00:00,1.55874,286742
2015-09-18 21:00:00,1.5523,237567
2015-09-20 21:00:00,1.55217,317
2015-09-21 21:00:00,1.55055,218481
2015-09-22 21:00:00,1.5361,240165
2015-09-23 21:00:00,1.52381,262658
2015-09-24 21:00:00,1.52416,286946
2015-09-25 21:00:00,1.5172,262662
2015-09-27 21:00:00,1.5179,298
2015-09-28 21:00:00,1.51716,215803
2015-09-29 21:00:00,1.51466,247986
2015-09-30 21:00:00,1.51262,247645
2015-10-01 21:00:00,1.51294,224114
2015-10-02 21:00:00,1.51722,273990
2015-10-04 21:00:00,1.51875,296
2015-10-05 21:00:00,1.5145,273079
2015-10-06 21:00:00,1.52231,220183
2015-10-07 21:00:00,1.53157,259739
2015-10-08 21:00:00,1.53439,280178
2015-10-09 21:00:00,1.53063,251089
2015-10-11 21:00:00,1.53056,3
2015-10-12 21:00:00,1.53464,205615
2015-10-13 21:00:00,1.52463,263802
2015-10-14 21:00:00,1.54755,255186
2015-10-15 21:00:00,1.54494,273184
2015-10-16 21:00:00,1.54331,232519
2015-10-18 21:00:00,1.54339,83
2015-10-19 21:00:00,1.54617,198270
2015-10-20 21:00:00,1.54423,235342
2015-10-21 21:00:00,1.541,206127
2015-10-22 21:00:00,1.53923,309906
2015-10-23 21:00:00,1.53064,281238
2015-10-25 21:00:00,1.53125,850
2015-10-26 21:00:00,1.53498,226681
2015-10-27 21:00:00,1.52992,224962
2015-10-28 21:00:00,1.52595,273168
2015-10-29 21:00:00,1.53075,249130
2015-10-30 21:00:00,1.5421,277998
2015-11-01 22:00:00,1.54467,476
2015-11-02 22:00:00,1.54152,181900
2015-11-03 22:00:00,1.54188,188336
2015-11-04 22:00:00,1.53821,217639
2015-11-05 22:00:00,1.52069,252682
2015-11-06 22:00:00,1.50445,243561
2015-11-08 22:00:00,1.50477,503
2015-11-09 22:00:00,1.51129,178330
2015-11-10 22:00:00,1.51175,168657
2015-11-11 22:00:00,1.52069,187653
2015-11-12 22:00:00,1.52305,230824
2015-11-13 22:00:00,1.5227,181238
2015-11-15 22:00:00,1.52246,730
2015-11-16 22:00:00,1.51995,177193
2015-11-17 22:00:00,1.5211,184067
2015-11-18 22:00:00,1.52356,189737
2015-11-19 22:00:00,1.52895,204623
2015-11-20 22:00:00,1.51854,175075
2015-11-22 22:00:00,1.51804,573
2015-11-23 22:00:00,1.51223,193680
2015-11-24 22:00:00,1.50754,197390
2015-11-25 22:00:00,1.51269,214297
2015-11-26 22:00:00,1.51008,181325
2015-11-27 22:00:00,1.50283,184697
2015-11-29 22:00:00,1.50315,201
2015-11-30 22:00:00,1.50552,175563
2015-12-01 22:00:00,1.50796,227528
2015-12-02 22:00:00,1.49501,242423
2015-12-03 22:00:00,1.51419,395829
2015-12-04 22:00:00,1.51045,341336
2015-12-06 22:00:00,1.50986,31
2015-12-07 22:00:00,1.50535,214284
2015-12-08 22:00:00,1.50055,256146
2015-12-09 22:00:00,1.51786,282227
2015-12-10 22:00:00,1.51585,249058
2015-12-11 22:00:00,1.52179,221753
2015-12-13 22:00:00,1.52295,199
2015-12-14 22:00:00,1.51403,250170
2015-12-15 22:00:00,1.50345,242762
2015-12-16 22:00:00,1.49995,357498
2015-12-17 22:00:00,1.48952,261118
2015-12-18 22:00:00,1.48858,248704
2015-12-20 22:00:00,1.48985,290
2015-12-21 22:00:00,1.48807,210400
2015-12-22 22:00:00,1.48259,216074
2015-12-23 22:00:00,1.48676,192251
2015-12-24 22:00:00,1.49236,127302
2015-12-27 22:00:00,1.49044,5
2015-12-28 22:00:00,1.48779,143424
2015-12-29 22:00:00,1.48116,165379
2015-12-30 22:00:00,1.48115,186145
2015-12-31 22:00:00,1.47327,152523
2016-01-03 22:00:00,1.47325,452
2016-01-04 22:00:00,1.47116,267000
2016-01-05 22:00:00,1.46733,214514
2016-01-06 22:00:00,1.463,264363
2016-01-07 22:00:00,1.46161,292384
2016-01-08 22:00:00,1.45161,299466
2016-01-10 22:00:00,1.45215,127
2016-01-11 22:00:00,1.45393,248429
2016-01-12 22:00:00,1.44454,264288
2016-01-13 22:00:00,1.44054,264712
2016-01-14 22:00:00,1.44095,284908
2016-01-15 22:00:00,1.4252,299172
2016-01-17 22:00:00,1.42508,426
2016-01-18 22:00:00,1.42418,228603
2016-01-19 22:00:00,1.41552,304122
2016-01-20 22:00:00,1.41875,317008
2016-01-21 22:00:00,1.42196,361029
2016-01-22 22:00:00,1.42621,290956
2016-01-24 22:00:00,1.42613,404
2016-01-25 22:00:00,1.42476,262164
2016-01-26 22:00:00,1.43497,300494
2016-01-27 22:00:00,1.42312,321435
2016-01-28 22:00:00,1.43572,332760
2016-01-29 22:00:00,1.42423,408501
2016-01-31 22:00:00,1.42486,402
2016-02-01 22:00:00,1.44308,285013
2016-02-02 22:00:00,1.4407,281838
2016-02-03 22:00:00,1.46018,340441
2016-02-04 22:00:00,1.45877,380559
2016-02-05 22:00:00,1.44977,321883
2016-02-07 22:00:00,1.44798,175
2016-02-08 22:00:00,1.44289,377573
2016-02-09 22:00:00,1.44669,480348
2016-02-10 22:00:00,1.45216,435047
2016-02-11 22:00:00,1.44744,523609
2016-02-12 22:00:00,1.44981,409164
2016-02-15 22:00:00,1.44297,320266
2016-02-16 22:00:00,1.43018,342388
2016-02-17 22:00:00,1.42865,374630
2016-02-18 22:00:00,1.43292,359162
2016-02-19 22:00:00,1.43996,359459
2016-02-21 22:00:00,1.42614,1822
2016-02-22 22:00:00,1.41484,447150
2016-02-23 22:00:00,1.40217,387943
2016-02-24 22:00:00,1.39244,440263
2016-02-25 22:00:00,1.39596,345001
2016-02-26 22:00:00,1.38666,353244
2016-02-28 22:00:00,1.38544,750
2016-02-29 22:00:00,1.39114,325472
2016-03-01 22:00:00,1.39503,369421
2016-03-02 22:00:00,1.40748,340572
2016-03-03 22:00:00,1.4172,325810
2016-03-04 22:00:00,1.42226,344149
2016-03-06 22:00:00,1.42149,396
2016-03-07 22:00:00,1.42621,272422
2016-03-08 22:00:00,1.42109,284005
2016-03-09 22:00:00,1.42123,254741
2016-03-10 22:00:00,1.42758,449385
2016-03-11 22:00:00,1.43812,292356
2016-03-13 21:00:00,1.4371,81
2016-03-14 21:00:00,1.43,232821
2016-03-15 21:00:00,1.41492,271465
2016-03-16 21:00:00,1.4256,351831
2016-03-17 21:00:00,1.44769,329601
2016-03-18 21:00:00,1.4473,224109
2016-03-20 21:00:00,1.44332,529
2016-03-21 21:00:00,1.4367,198116
2016-03-22 21:00:00,1.42044,272420
2016-03-23 21:00:00,1.41135,245969
2016-03-24 21:00:00,1.41481,242308
2016-03-25 21:00:00,1.41325,57608
2016-03-27 21:00:00,1.41261,96
2016-03-28 21:00:00,1.42532,117992
2016-03-29 21:00:00,1.43798,294609
2016-03-30 21:00:00,1.43767,298461
2016-03-31 21:00:00,1.43584,279810
2016-04-01 21:00:00,1.42206,318512
2016-04-03 21:00:00,1.42187,179
2016-04-04 21:00:00,1.42617,219748
2016-04-05 21:00:00,1.41589,235931
2016-04-06 21:00:00,1.41208,324569
2016-04-07 21:00:00,1.40555,333912
2016-04-08 21:00:00,1.41202,272604
2016-04-10 21:00:00,1.41147,326
2016-04-11 21:00:00,1.42345,260536
2016-04-12 21:00:00,1.42733,285750
2016-04-13 21:00:00,1.42019,288204
2016-04-14 21:00:00,1.41509,269767
2016-04-15 21:00:00,1.41954,209143
2016-04-17 21:00:00,1.41961,484
2016-04-18 21:00:00,1.42752,241189
2016-04-19 21:00:00,1.43929,267843
2016-04-20 21:00:00,1.43279,259860
2016-04-21 21:00:00,1.43207,311240
2016-04-22 21:00:00,1.43996,289302
2016-04-24 21:00:00,1.44619,1094
2016-04-25 21:00:00,1.44788,268401
2016-04-26 21:00:00,1.45786,297024
2016-04-27 21:00:00,1.45397,322972
2016-04-28 21:00:00,1.46023,307460
2016-04-29 21:00:00,1.46067,318524
2016-05-01 21:00:00,1.45807,887
2016-05-02 21:00:00,1.46719,267439
2016-05-03 21:00:00,1.45339,377815
2016-05-04 21:00:00,1.44919,359433
2016-05-05 21:00:00,1.44835,299398
2016-05-06 21:00:00,1.44233,322661
2016-05-08 21:00:00,1.44117,388
2016-05-09 21:00:00,1.44045,293475
2016-05-10 21:00:00,1.44389,307195
2016-05-11 21:00:00,1.4446,262939
2016-05-12 21:00:00,1.44467,282423
2016-05-13 21:00:00,1.43505,315361
2016-05-15 21:00:00,1.4346,276
2016-05-16 21:00:00,1.43979,184129
2016-05-17 21:00:00,1.446,254870
2016-05-18 21:00:00,1.45965,314876
2016-05-19 21:00:00,1.46088,316991
2016-05-20 21:00:00,1.44953,241713
2016-05-22 21:00:00,1.45036,390
2016-05-23 21:00:00,1.44829,247451
2016-05-24 21:00:00,1.46319,276107
2016-05-25 21:00:00,1.46949,284220
2016-05-26 21:00:00,1.46675,262679
2016-05-27 21:00:00,1.46125,235428
2016-05-29 21:00:00,1.46023,61
2016-05-30 21:00:00,1.46399,141824
2016-05-31 21:00:00,1.44797,329679
2016-06-01 21:00:00,1.4414,302452
2016-06-02 21:00:00,1.44206,254684
2016-06-03 21:00:00,1.45113,298531
2016-06-05 21:00:00,1.44601,1386
2016-06-06 21:00:00,1.44385,352578
2016-06-07 21:00:00,1.4542,263215
2016-06-08 21:00:00,1.45011,227145
2016-06-09 21:00:00,1.44546,251031
2016-06-10 21:00:00,1.42505,303633
2016-06-12 21:00:00,1.42664,691
2016-06-13 21:00:00,1.42589,416578
2016-06-14 21:00:00,1.41081,350071
2016-06-15 21:00:00,1.42029,344360
2016-06-16 21:00:00,1.42023,386488
2016-06-17 21:00:00,1.43463,360809
2016-06-19 21:00:00,1.44572,985
2016-06-20 21:00:00,1.46801,407648
2016-06-21 21:00:00,1.46494,379206
2016-06-22 21:00:00,1.47066,358355
2016-06-23 21:00:00,1.48396,503668
2016-06-24 21:00:00,1.36596,643310
2016-06-26 21:00:00,1.34221,3560
2016-06-27 21:00:00,1.32201,461310
2016-06-28 21:00:00,1.33416,353198
2016-06-29 21:00:00,1.34259,409664
2016-06-30 21:00:00,1.33075,488329
2016-07-01 21:00:00,1.32456,335683
2016-07-03 21:00:00,1.32413,274
2016-07-04 21:00:00,1.32799,228687
2016-07-05 21:00:00,1.30216,377264
2016-07-06 21:00:00,1.29279,469038
2016-07-07 21:00:00,1.29046,366349
2016-07-08 21:00:00,1.29385,339663
2016-07-10 21:00:00,1.29425,362
2016-07-11 21:00:00,1.29811,264168
2016-07-12 21:00:00,1.32461,463356
2016-07-13 21:00:00,1.31437,431431
2016-07-14 21:00:00,1.33404,469560
2016-07-15 21:00:00,1.31726,462158
2016-07-17 21:00:00,1.31945,219
2016-07-18 21:00:00,1.32525,349409
2016-07-19 21:00:00,1.31076,326831
2016-07-20 21:00:00,1.32012,321080
2016-07-21 21:00:00,1.32324,401618
2016-07-22 21:00:00,1.31084,374961
2016-07-24 21:00:00,1.31443,992
2016-07-25 21:00:00,1.3135,276765
2016-07-26 21:00:00,1.31279,298015
2016-07-27 21:00:00,1.32204,339979
2016-07-28 21:00:00,1.31609,279017
2016-07-29 21:00:00,1.32224,333610
2016-07-31 21:00:00,1.32377,37
2016-08-01 21:00:00,1.3173,200092
2016-08-02 21:00:00,1.33549,238993
2016-08-03 21:00:00,1.33239,260801
2016-08-04 21:00:00,1.31049,318000
2016-08-05 21:00:00,1.30631,225966
2016-08-07 21:00:00,1.30754,72
2016-08-08 21:00:00,1.30386,164497
2016-08-09 21:00:00,1.30006,215670
2016-08-10 21:00:00,1.3006,229910
2016-08-11 21:00:00,1.29543,205187
2016-08-12 21:00:00,1.29161,200719
2016-08-14 21:00:00,1.29199,29
2016-08-15 21:00:00,1.28769,168824
2016-08-16 21:00:00,1.30448,291150
2016-08-17 21:00:00,1.30402,275716
2016-08-18 21:00:00,1.31624,286377
2016-08-19 21:00:00,1.30722,243602
2016-08-21 21:00:00,1.30508,197
2016-08-22 21:00:00,1.31349,226725
2016-08-23 21:00:00,1.31965,220390
2016-08-24 21:00:00,1.32308,224897
2016-08-25 21:00:00,1.31885,178082
2016-08-26 21:00:00,1.31286,298794
2016-08-28 21:00:00,1.31089,355
2016-08-29 21:00:00,1.31028,178668
2016-08-30 21:00:00,1.30763,222361
2016-08-31 21:00:00,1.31354,245642
2016-09-01 21:00:00,1.32668,275618
2016-09-02 21:00:00,1.32896,289312
2016-09-04 21:00:00,1.32908,121
2016-09-05 21:00:00,1.33008,180495
2016-09-06 21:00:00,1.34366,237282
2016-09-07 21:00:00,1.33388,258524
2016-09-08 21:00:00,1.32897,239049
2016-09-09 21:00:00,1.32608,217862
2016-09-11 21:00:00,1.32648,93
2016-09-12 21:00:00,1.33338,232777
2016-09-13 21:00:00,1.31876,274455
2016-09-14 21:00:00,1.32315,241908
2016-09-15 21:00:00,1.32368,299456
2016-09-16 21:00:00,1.29955,239556
2016-09-18 21:00:00,1.29988,477
2016-09-19 21:00:00,1.30272,212146
2016-09-20 21:00:00,1.29866,201430
2016-09-21 21:00:00,1.30266,207473
2016-09-22 21:00:00,1.3074,160529
2016-09-23 21:00:00,1.29576,169073
2016-09-25 21:00:00,1.29626,87
2016-09-26 21:00:00,1.29729,183203
2016-09-27 21:00:00,1.30212,215142
2016-09-28 21:00:00,1.30153,228987
2016-09-29 21:00:00,1.29664,241967
2016-09-30 21:00:00,1.29716,254742
2016-10-02 21:00:00,1.29156,638
2016-10-03 21:00:00,1.28388,171656
2016-10-04 21:00:00,1.27254,228280
2016-10-05 21:00:00,1.27467,178885
2016-10-06 21:00:00,1.26133,276747
2016-10-07 21:00:00,1.24296,647425
2016-10-09 21:00:00,1.23965,416
2016-10-10 21:00:00,1.2359,255213
2016-10-11 21:00:00,1.21185,363785
2016-10-12 21:00:00,1.22015,429289
2016-10-13 21:00:00,1.22529,366642
2016-10-14 21:00:00,1.21794,395000
2016-10-16 21:00:00,1.21548,687
2016-10-17 21:00:00,1.21817,328797
2016-10-18 21:00:00,1.22925,396217
2016-10-19 21:00:00,1.22835,326205
2016-10-20 21:00:00,1.22509,349016
2016-10-21 21:00:00,1.22267,180082
2016-10-23 21:00:00,1.22146,313
2016-10-24 21:00:00,1.22368,224861
2016-10-25 21:00:00,1.21866,341875
2016-10-26 21:00:00,1.22453,298281
2016-10-27 21:00:00,1.21596,358304
2016-10-28 21:00:00,1.21849,406515
2016-10-30 21:00:00,1.21769,947
2016-10-31 21:00:00,1.22419,309217
2016-11-01 21:00:00,1.22417,275708
2016-11-02 21:00:00,1.23025,393585
2016-11-03 21:00:00,1.24591,450652
2016-11-04 21:00:00,1.25149,348033
2016-11-06 22:00:00,1.24519,1591
2016-11-07 22:00:00,1.23933,325488
2016-11-08 22:00:00,1.23744,263899
2016-11-09 22:00:00,1.24055,773236
2016-11-10 22:00:00,1.25538,555731
2016-11-11 22:00:00,1.2595,535346
2016-11-13 22:00:00,1.25669,277
2016-11-14 22:00:00,1.24836,580621
2016-11-15 22:00:00,1.24548,525774
2016-11-16 22:00:00,1.24402,455327
2016-11-17 22:00:00,1.24112,485690
2016-11-18 22:00:00,1.23429,594287
2016-11-20 22:00:00,1.23439,299
2016-11-21 22:00:00,1.24904,625929
2016-11-22 22:00:00,1.24228,466025
2016-11-23 22:00:00,1.24353,484516
2016-11-24 22:00:00,1.24453,403428
2016-11-25 22:00:00,1.24728,483250
2016-11-27 22:00:00,1.24647,228
2016-11-28 22:00:00,1.24136,473153
2016-11-29 22:00:00,1.24897,410493
2016-11-30 22:00:00,1.25058,439061
2016-12-01 22:00:00,1.25902,471004
2016-12-02 22:00:00,1.27212,357977
2016-12-04 22:00:00,1.26768,941
2016-12-05 22:00:00,1.27303,378005
2016-12-06 22:00:00,1.26774,226741
2016-12-07 22:00:00,1.26233,216395
2016-12-08 22:00:00,1.25841,376901
2016-12-09 22:00:00,1.25712,219296
2016-12-11 22:00:00,1.25728,251
2016-12-12 22:00:00,1.26684,305119
2016-12-13 22:00:00,1.26568,312697
2016-12-14 22:00:00,1.25621,425851
2016-12-15 22:00:00,1.24151,489728
2016-12-16 22:00:00,1.2482,320736
2016-12-18 22:00:00,1.24809,96
2016-12-19 22:00:00,1.23908,363584
2016-12-20 22:00:00,1.2366,401077
2016-12-21 22:00:00,1.23516,303794
2016-12-22 22:00:00,1.22813,317548
2016-12-23 22:00:00,1.22776,257566
2016-12-27 22:00:00,1.22653,188171
2016-12-28 22:00:00,1.22236,217966
2016-12-29 22:00:00,1.22579,303970
2016-12-30 22:00:00,1.23296,508505
2017-01-03 22:00:00,1.22363,348846
2017-01-04 22:00:00,1.23266,372027
2017-01-05 22:00:00,1.24119,518873
2017-01-06 22:00:00,1.22796,379173
2017-01-08 22:00:00,1.22478,363
2017-01-09 22:00:00,1.21606,274737
2017-01-10 22:00:00,1.21754,393893
2017-01-11 22:00:00,1.22072,591528
2017-01-12 22:00:00,1.21571,466283
2017-01-13 22:00:00,1.21915,420510
2017-01-15 22:00:00,1.19999,466
2017-01-16 22:00:00,1.20441,464192
2017-01-17 22:00:00,1.24166,672057
2017-01-18 22:00:00,1.22595,464992
2017-01-19 22:00:00,1.23423,504729
2017-01-20 22:00:00,1.23736,514805
2017-01-22 22:00:00,1.23758,417
2017-01-23 22:00:00,1.25332,454101
2017-01-24 22:00:00,1.25199,474599
2017-01-25 22:00:00,1.26286,450820
2017-01-26 22:00:00,1.25891,463816
2017-01-27 22:00:00,1.25427,410698
2017-01-29 22:00:00,1.25808,1297
2017-01-30 22:00:00,1.2485,375479
2017-01-31 22:00:00,1.25755,518645
2017-02-01 22:00:00,1.26549,453043
2017-02-02 22:00:00,1.25265,445428
2017-02-03 22:00:00,1.24786,421713
2017-02-05 22:00:00,1.24848,293
2017-02-06 22:00:00,1.24632,345481
2017-02-07 22:00:00,1.2505,371886
2017-02-08 22:00:00,1.25362,323030
2017-02-09 22:00:00,1.24938,300385
2017-02-10 22:00:00,1.24815,210130
2017-02-13 22:00:00,1.25257,278204
2017-02-14 22:00:00,1.24653,379392
2017-02-15 22:00:00,1.2451,382002
2017-02-16 22:00:00,1.2487,336806
2017-02-17 22:00:00,1.24049,255074
2017-02-19 22:00:00,1.2404,21
2017-02-20 22:00:00,1.24608,213009
2017-02-21 22:00:00,1.24555,263911
2017-02-22 22:00:00,1.24482,321300
2017-02-23 22:00:00,1.25555,267708
2017-02-24 22:00:00,1.24542,263486
2017-02-26 22:00:00,1.24692,14
2017-02-27 22:00:00,1.24431,268207
2017-02-28 22:00:00,1.23813,254136
2017-03-01 22:00:00,1.22915,282303
2017-03-02 22:00:00,1.22654,255393
2017-03-03 22:00:00,1.22932,268978
2017-03-05 22:00:00,1.22848,44
2017-03-06 22:00:00,1.22368,193811
2017-03-07 22:00:00,1.21996,227470
2017-03-08 22:00:00,1.21677,220581
2017-03-09 22:00:00,1.21625,314182
2017-03-10 21:00:00,1.21632,223991
2017-03-12 21:00:00,1.21554,143
2017-03-13 21:00:00,1.22168,249562
2017-03-14 21:00:00,1.21529,270750
2017-03-15 21:00:00,1.22881,290853
2017-03-16 21:00:00,1.23565,282400
2017-03-17 21:00:00,1.23906,218623
2017-03-19 21:00:00,1.23795,71
2017-03-20 21:00:00,1.23574,192712
2017-03-21 21:00:00,1.24779,263637
2017-03-22 21:00:00,1.24826,231322
2017-03-23 21:00:00,1.25199,235416
2017-03-24 21:00:00,1.2472,224706
2017-03-26 21:00:00,1.24878,207
2017-03-27 21:00:00,1.2557,263072
2017-03-28 21:00:00,1.24505,220021
2017-03-29 21:00:00,1.24346,266472
2017-03-30 21:00:00,1.24671,197093
2017-03-31 21:00:00,1.2546,245313
2017-04-02 21:00:00,1.25416,212
2017-04-03 21:00:00,1.24853,194473
2017-04-04 21:00:00,1.24397,209562
2017-04-05 21:00:00,1.24833,230768
2017-04-06 21:00:00,1.24688,188745
2017-04-07 21:00:00,1.23695,282183
2017-04-09 21:00:00,1.23734,37
2017-04-10 21:00:00,1.2416,172727
2017-04-11 21:00:00,1.24915,204290
2017-04-12 21:00:00,1.25433,248713
2017-04-13 21:00:00,1.25,212326
2017-04-14 21:00:00,1.25215,136984
2017-04-16 21:00:00,1.25265,55
2017-04-17 21:00:00,1.25611,190931
2017-04-18 21:00:00,1.28433,333379
2017-04-19 21:00:00,1.27766,265780
2017-04-20 21:00:00,1.28113,219750
2017-04-21 21:00:00,1.28058,205788
2017-04-23 21:00:00,1.28377,2941
2017-04-24 21:00:00,1.27922,237178
2017-04-25 21:00:00,1.28359,222639
2017-04-26 21:00:00,1.28469,280725
2017-04-27 21:00:00,1.29035,235628
2017-04-28 21:00:00,1.29449,249346
2017-04-30 21:00:00,1.29238,148
2017-05-01 21:00:00,1.28839,126074
2017-05-02 21:00:00,1.29378,176294
2017-05-03 21:00:00,1.2865,226433
2017-05-04 21:00:00,1.29199,234980
2017-05-05 21:00:00,1.29762,250708
2017-05-07 21:00:00,1.29784,643
2017-05-08 21:00:00,1.294,248073
2017-05-09 21:00:00,1.29343,265493
2017-05-10 21:00:00,1.29376,254601
2017-05-11 21:00:00,1.2888,282873
2017-05-12 21:00:00,1.28819,242381
2017-05-14 21:00:00,1.288,119
2017-05-15 21:00:00,1.28934,239283
2017-05-16 21:00:00,1.2918,307658
2017-05-17 21:00:00,1.29699,320920
2017-05-18 21:00:00,1.29414,412161
2017-05-19 21:00:00,1.30327,248022
2017-05-21 21:00:00,1.29904,655
2017-05-22 21:00:00,1.29988,243782
2017-05-23 21:00:00,1.29605,298567
2017-05-24 21:00:00,1.29759,260503
2017-05-25 21:00:00,1.29398,228652
2017-05-26 21:00:00,1.28051,279011
2017-05-28 21:00:00,1.27996,27
2017-05-29 21:00:00,1.2839,131207
2017-05-30 21:00:00,1.2857,235011
2017-05-31 21:00:00,1.28903,307093
2017-06-01 21:00:00,1.28792,275107
2017-06-02 21:00:00,1.28891,273562
2017-06-04 21:00:00,1.2856,320
2017-06-05 21:00:00,1.29011,230636
2017-06-06 21:00:00,1.29084,243470
2017-06-07 21:00:00,1.29605,280253
2017-06-08 21:00:00,1.29486,297627
2017-06-09 21:00:00,1.27402,560014
2017-06-11 21:00:00,1.27129,1055
2017-06-12 21:00:00,1.2658,263135
2017-06-13 21:00:00,1.27517,275732
2017-06-14 21:00:00,1.27506,401186
2017-06-15 21:00:00,1.27531,335892
2017-06-16 21:00:00,1.27756,246827
2017-06-18 21:00:00,1.2759,392
2017-06-19 21:00:00,1.27354,226883
2017-06-20 21:00:00,1.26253,275105
2017-06-21 21:00:00,1.26704,265914
2017-06-22 21:00:00,1.26823,221235
2017-06-23 21:00:00,1.27181,214465
2017-06-25 21:00:00,1.27335,257
2017-06-26 21:00:00,1.27203,236695
2017-06-27 21:00:00,1.28119,291685
2017-06-28 21:00:00,1.29222,390190
2017-06-29 21:00:00,1.3004,318359
2017-06-30 21:00:00,1.30261,293529
2017-07-02 21:00:00,1.30029,75
2017-07-03 21:00:00,1.2939,266885
2017-07-04 21:00:00,1.29175,240167
2017-07-05 21:00:00,1.29308,270717
2017-07-06 21:00:00,1.297,283810
2017-07-07 21:00:00,1.28835,268791
2017-07-09 21:00:00,1.28777,169
2017-07-10 21:00:00,1.28807,189793
2017-07-11 21:00:00,1.28448,229561
2017-07-12 21:00:00,1.2884,321571
2017-07-13 21:00:00,1.29375,261530
2017-07-14 21:00:00,1.31013,258754
2017-07-16 21:00:00,1.30971,79
2017-07-17 21:00:00,1.30522,230621
2017-07-18 21:00:00,1.3039,341275
2017-07-19 21:00:00,1.30215,235656
2017-07-20 21:00:00,1.29725,360010
2017-07-21 21:00:00,1.29931,266148
2017-07-23 21:00:00,1.29907,55
2017-07-24 21:00:00,1.30278,238108
2017-07-25 21:00:00,1.30242,261718
2017-07-26 21:00:00,1.31174,324316
2017-07-27 21:00:00,1.30618,355087
2017-07-28 21:00:00,1.31307,316730
2017-07-30 21:00:00,1.31214,41
2017-07-31 21:00:00,1.321,278687
2017-08-01 21:00:00,1.32035,279237
2017-08-02 21:00:00,1.32231,260938
2017-08-03 21:00:00,1.31365,317333
2017-08-04 21:00:00,1.30331,269252
2017-08-06 21:00:00,1.30348,163
2017-08-07 21:00:00,1.30324,211743
2017-08-08 21:00:00,1.29929,226645
2017-08-09 21:00:00,1.30001,272353
2017-08-10 21:00:00,1.29765,278639
2017-08-11 21:00:00,1.30085,289731
2017-08-13 21:00:00,1.30068,44
2017-08-14 21:00:00,1.29632,222102
2017-08-15 21:00:00,1.28656,272882
2017-08-16 21:00:00,1.28898,309661
2017-08-17 21:00:00,1.28661,307499
2017-08-18 21:00:00,1.28704,281330
2017-08-20 21:00:00,1.28577,50
2017-08-21 21:00:00,1.28951,197638
2017-08-22 21:00:00,1.28217,221273
2017-08-23 21:00:00,1.27977,239371
2017-08-24 21:00:00,1.27991,234723
2017-08-25 21:00:00,1.28762,306413
2017-08-27 21:00:00,1.29234,832
2017-08-28 21:00:00,1.2931,184622
2017-08-29 21:00:00,1.29161,324696
2017-08-30 21:00:00,1.29235,284618
2017-08-31 21:00:00,1.29285,295727
2017-09-01 21:00:00,1.29499,310898
2017-09-03 21:00:00,1.29601,498
2017-09-04 21:00:00,1.2928,188781
2017-09-05 21:00:00,1.30295,303588
2017-09-06 21:00:00,1.30416,291759
2017-09-07 21:00:00,1.30998,372464
2017-09-08 21:00:00,1.31878,309932
2017-09-10 21:00:00,1.31796,163
2017-09-11 21:00:00,1.31624,248062
2017-09-12 21:00:00,1.32824,308930
2017-09-13 21:00:00,1.32079,303959
2017-09-14 21:00:00,1.33961,407936
2017-09-15 21:00:00,1.35829,396710
2017-09-17 21:00:00,1.35577,162
2017-09-18 21:00:00,1.34946,297121
2017-09-19 21:00:00,1.35103,354017
2017-09-20 21:00:00,1.34925,411855
2017-09-21 21:00:00,1.35796,326347
2017-09-22 21:00:00,1.34909,334223
2017-09-24 21:00:00,1.34872,724
2017-09-25 21:00:00,1.34616,309166
2017-09-26 21:00:00,1.34568,311757
2017-09-27 21:00:00,1.33845,353807
2017-09-28 21:00:00,1.34376,323376
2017-09-29 21:00:00,1.33948,308982
2017-10-01 21:00:00,1.33683,616
2017-10-02 21:00:00,1.32706,270319
2017-10-03 21:00:00,1.32359,268977
2017-10-04 21:00:00,1.32445,258563
2017-10-05 21:00:00,1.31185,265839
2017-10-06 21:00:00,1.30639,290377
2017-10-08 21:00:00,1.30928,567
2017-10-09 21:00:00,1.31409,167648
2017-10-10 21:00:00,1.32023,222940
2017-10-11 21:00:00,1.32222,226617
2017-10-12 21:00:00,1.32586,326042
2017-10-13 21:00:00,1.32781,321729
2017-10-15 21:00:00,1.33039,225
2017-10-16 21:00:00,1.32496,231480
2017-10-17 21:00:00,1.31883,297564
2017-10-18 21:00:00,1.32045,273625
2017-10-19 21:00:00,1.31553,309413
2017-10-20 21:00:00,1.31853,319287
2017-10-22 21:00:00,1.31802,98
2017-10-23 21:00:00,1.31968,253116
2017-10-24 21:00:00,1.313,277901
2017-10-25 21:00:00,1.32553,367563
2017-10-26 21:00:00,1.31584,340903
2017-10-27 21:00:00,1.31238,334812
2017-10-29 21:00:00,1.31178,4
2017-10-30 21:00:00,1.32071,254644
2017-10-31 21:00:00,1.32819,262472
2017-11-01 21:00:00,1.3243,303314
2017-11-02 21:00:00,1.30576,394853
2017-11-03 22:00:00,1.30756,275160
2017-11-05 22:00:00,1.30669,216
2017-11-06 22:00:00,1.31693,239936
2017-11-07 22:00:00,1.31644,258490
2017-11-08 22:00:00,1.31115,237477
2017-11-09 22:00:00,1.31439,311996
2017-11-10 22:00:00,1.31895,275721
2017-11-12 22:00:00,1.31598,454
2017-11-13 22:00:00,1.31143,256367
2017-11-14 22:00:00,1.3165,274351
2017-11-15 22:00:00,1.31686,375144
2017-11-16 22:00:00,1.31929,316645
2017-11-17 22:00:00,1.32138,333494
2017-11-19 22:00:00,1.32158,43
2017-11-20 22:00:00,1.32321,319383
2017-11-21 22:00:00,1.32373,276329
2017-11-22 22:00:00,1.33225,268012
2017-11-23 22:00:00,1.33055,166520
2017-11-24 22:00:00,1.33381,227450
2017-11-26 22:00:00,1.33201,155
2017-11-27 22:00:00,1.3316,266610
2017-11-28 22:00:00,1.33371,413045
2017-11-29 22:00:00,1.34088,387751
2017-11-30 22:00:00,1.35251,414849
2017-12-01 22:00:00,1.34719,476651
2017-12-03 22:00:00,1.34332,173
2017-12-04 22:00:00,1.34788,369286
2017-12-05 22:00:00,1.34416,316586
2017-12-06 22:00:00,1.33897,289054
2017-12-07 22:00:00,1.34716,306501
2017-12-08 22:00:00,1.33811,352382
2017-12-10 22:00:00,1.33786,22
2017-12-11 22:00:00,1.33367,241651
2017-12-12 22:00:00,1.33173,271464
2017-12-13 22:00:00,1.3417,310109
2017-12-14 22:00:00,1.34284,359016
2017-12-15 22:00:00,1.33172,321539
2017-12-17 22:00:00,1.33109,182
2017-12-18 22:00:00,1.33823,266033
2017-12-19 22:00:00,1.33835,298832
2017-12-20 22:00:00,1.33746,255054
2017-12-21 22:00:00,1.33851,260107
2017-12-22 22:00:00,1.33577,245538
2017-12-26 22:00:00,1.33739,124175
2017-12-27 22:00:00,1.33952,225181
2017-12-28 22:00:00,1.34395,216003
2017-12-29 22:00:00,1.35032,238514
2018-01-01 22:00:00,1.35072,2
2018-01-02 22:00:00,1.35895,263593
2018-01-03 22:00:00,1.35114,262857
2018-01-04 22:00:00,1.35482,261204
2018-01-05 22:00:00,1.35634,277149
2018-01-07 22:00:00,1.35557,108
2018-01-08 22:00:00,1.35646,227125
2018-01-09 22:00:00,1.35402,243629
2018-01-10 22:00:00,1.35042,350054
2018-01-11 22:00:00,1.3534,328522
2018-01-12 22:00:00,1.37267,387722
2018-01-14 22:00:00,1.37273,147
2018-01-15 22:00:00,1.37895,281046
2018-01-16 22:00:00,1.37911,303171
2018-01-17 22:00:00,1.38267,387815
2018-01-18 22:00:00,1.38929,346456
2018-01-19 22:00:00,1.38483,368159
2018-01-21 22:00:00,1.389,204
2018-01-22 22:00:00,1.39846,284498
2018-01-23 22:00:00,1.39955,339525
2018-01-24 22:00:00,1.42342,450635
2018-01-25 22:00:00,1.4138,692302
2018-01-26 22:00:00,1.41624,541598
2018-01-28 22:00:00,1.41355,56
2018-01-29 22:00:00,1.40733,407440
2018-01-30 22:00:00,1.41438,438132
2018-01-31 22:00:00,1.41879,533875
2018-02-01 22:00:00,1.42595,436576
2018-02-02 22:00:00,1.41192,459011
2018-02-04 22:00:00,1.40999,363
2018-02-05 22:00:00,1.39566,517488
2018-02-06 22:00:00,1.39446,605786
2018-02-07 22:00:00,1.38782,425265
2018-02-08 22:00:00,1.39112,628762
2018-02-09 22:00:00,1.38237,560761
2018-02-11 22:00:00,1.38102,65
2018-02-12 22:00:00,1.38349,351797
2018-02-13 22:00:00,1.389,356109
2018-02-14 22:00:00,1.39973,466083
2018-02-15 22:00:00,1.40993,426198
2018-02-16 22:00:00,1.40327,384491
2018-02-18 22:00:00,1.40137,66
2018-02-19 22:00:00,1.39948,224024
2018-02-20 22:00:00,1.39925,349013
2018-02-21 22:00:00,1.39165,449872
2018-02-22 22:00:00,1.39509,369512
2018-02-23 22:00:00,1.39692,315585
2018-02-25 22:00:00,1.39853,355
2018-02-26 22:00:00,1.39654,306833
2018-02-27 22:00:00,1.39043,393485
2018-02-28 22:00:00,1.37593,377407
2018-03-01 22:00:00,1.37748,300786
2018-03-02 22:00:00,1.37995,289091
2018-03-04 22:00:00,1.37987,419
2018-03-05 22:00:00,1.38481,319845
2018-03-06 22:00:00,1.38851,305963
2018-03-07 22:00:00,1.38946,326001
2018-03-08 22:00:00,1.38064,336439
2018-03-09 21:00:00,1.38489,294485
2018-03-11 21:00:00,1.38507,37
2018-03-12 21:00:00,1.39042,186586
2018-03-13 21:00:00,1.39584,252253
2018-03-14 21:00:00,1.39605,230443
2018-03-15 21:00:00,1.39356,255046
2018-03-16 21:00:00,1.39445,281249
2018-03-18 21:00:00,1.39353,94
2018-03-19 21:00:00,1.40235,390596
2018-03-20 21:00:00,1.39971,325419
2018-03-21 21:00:00,1.41396,423052
2018-03-22 21:00:00,1.40964,427289
2018-03-23 21:00:00,1.41307,386969
2018-03-25 21:00:00,1.41322,74
2018-03-26 21:00:00,1.42268,294720
2018-03-27 21:00:00,1.41564,359225
2018-03-28 21:00:00,1.40764,376736
2018-03-29 21:00:00,1.40182,327588
2018-03-30 21:00:00,1.40258,132489
2018-04-01 21:00:00,1.40291,19
2018-04-02 21:00:00,1.40438,193110
2018-04-03 21:00:00,1.40541,315155
2018-04-04 21:00:00,1.40761,346238
2018-04-05 21:00:00,1.40021,311060
2018-04-06 21:00:00,1.40868,388368
2018-04-08 21:00:00,1.40889,203
2018-04-09 21:00:00,1.41285,328268
2018-04-10 21:00:00,1.41732,368325
2018-04-11 21:00:00,1.41739,335358
2018-04-12 21:00:00,1.42268,383391
2018-04-13 21:00:00,1.42357,290051
2018-04-16 21:00:00,1.43353,292168
2018-04-17 21:00:00,1.42851,306922
2018-04-18 21:00:00,1.42006,333055
2018-04-19 21:00:00,1.40803,378630
2018-04-20 21:00:00,1.40015,346350
2018-04-22 21:00:00,1.39995,162
2018-04-23 21:00:00,1.39396,305448
2018-04-24 21:00:00,1.39755,300754
2018-04-25 21:00:00,1.39277,277989
2018-04-26 21:00:00,1.39125,385905
2018-04-27 21:00:00,1.3775,353418
2018-04-29 21:00:00,1.37697,219
2018-04-30 21:00:00,1.3755,319133
2018-05-01 21:00:00,1.36131,307481
2018-05-02 21:00:00,1.35708,441710
2018-05-03 21:00:00,1.35722,415265
2018-05-04 21:00:00,1.35256,346339
2018-05-06 21:00:00,1.35323,195
2018-05-07 21:00:00,1.35554,272438
2018-05-08 21:00:00,1.35458,387819
2018-05-09 21:00:00,1.35445,373387
2018-05-10 21:00:00,1.35158,511981
2018-05-11 21:00:00,1.3538,329554
2018-05-13 21:00:00,1.35422,15
2018-05-14 21:00:00,1.35551,273022
2018-05-15 21:00:00,1.35025,379081
2018-05-16 21:00:00,1.34851,424064
2018-05-17 21:00:00,1.35145,387408
2018-05-18 21:00:00,1.34571,297087
2018-05-20 21:00:00,1.346,108
2018-05-21 21:00:00,1.34197,314568
2018-05-22 21:00:00,1.34277,343485
2018-05-23 21:00:00,1.33433,446576
2018-05-24 21:00:00,1.33783,421368
2018-05-25 21:00:00,1.32938,380888
2018-05-27 21:00:00,1.33111,424
2018-05-28 21:00:00,1.33078,266860
2018-05-29 21:00:00,1.32488,528633
2018-05-30 21:00:00,1.3284,460777
2018-05-31 21:00:00,1.32928,457444
2018-06-01 21:00:00,1.33419,435943
2018-06-03 21:00:00,1.33402,9
2018-06-04 21:00:00,1.33137,361398
2018-06-05 21:00:00,1.33938,396918
2018-06-06 21:00:00,1.34112,373181
2018-06-07 21:00:00,1.3422,411066
2018-06-08 21:00:00,1.34083,375270
2018-06-10 21:00:00,1.34093,23
2018-06-11 21:00:00,1.33733,274921
2018-06-12 21:00:00,1.33715,351232
2018-06-13 21:00:00,1.33745,359999
2018-06-14 21:00:00,1.32581,464106
2018-06-15 21:00:00,1.32747,384693
2018-06-17 21:00:00,1.32607,33
2018-06-18 21:00:00,1.32449,272705
2018-06-19 21:00:00,1.31728,389566
2018-06-20 21:00:00,1.31681,323814
2018-06-21 21:00:00,1.32375,448890
2018-06-22 21:00:00,1.32577,359040
2018-06-24 21:00:00,1.32497,79
2018-06-25 21:00:00,1.32758,306036
2018-06-26 21:00:00,1.32177,325850
2018-06-27 21:00:00,1.31106,392751
2018-06-28 21:00:00,1.30762,419832
2018-06-29 21:00:00,1.32028,445965
2018-07-01 21:00:00,1.31827,620
2018-07-02 21:00:00,1.31418,334830
2018-07-03 21:00:00,1.31891,323376
2018-07-04 21:00:00,1.32261,244795
2018-07-05 21:00:00,1.32202,361828
2018-07-06 21:00:00,1.32853,285534
2018-07-08 21:00:00,1.33174,1145
2018-07-09 21:00:00,1.32557,401436
2018-07-10 21:00:00,1.32735,322147
2018-07-11 21:00:00,1.32027,382639
2018-07-12 21:00:00,1.3204,306598
2018-07-13 21:00:00,1.32331,326216
2018-07-15 21:00:00,1.32267,160
2018-07-16 21:00:00,1.32342,255206
2018-07-17 21:00:00,1.31141,349594
2018-07-18 21:00:00,1.30684,332745
2018-07-19 21:00:00,1.30137,400912
